,number,value,datetime_start,datetime_complete,duration,params_activation_fn,params_batch_size,params_clip_range,params_ent_coef,params_gae_lambda,params_gamma,params_learning_rate,params_max_grad_norm,params_n_epochs,params_n_steps,params_net_arch,params_ortho_init,params_vf_coef,state
131,131,784,44:40.7,48:14.3,0 days 00:03:33.623882,relu,256,0.3,2.52E-07,0.99,0.99,1.26E-05,0.9,20,2048,medium,TRUE,2.69E-06,COMPLETE
542,542,763,53:41.3,12:04.6,0 days 00:18:23.335813,relu,32,0.3,6.48E-08,0.92,0.995,1.46E-05,0.3,20,2048,medium,TRUE,0.003245995,COMPLETE
380,380,762,12:15.0,29:39.9,0 days 00:17:24.821930,tanh,32,0.1,3.50E-08,0.99,0.99,2.55E-05,0.6,20,2048,medium,TRUE,1.57E-05,COMPLETE
407,407,758,31:12.1,38:41.3,0 days 00:07:29.212436,relu,128,0.3,1.04E-07,0.99,0.99,2.57E-05,0.7,20,2048,medium,TRUE,4.80E-06,COMPLETE
182,182,748,22:16.5,37:52.0,0 days 00:15:35.519426,tanh,32,0.1,8.04E-07,0.99,0.995,1.21E-05,0.5,20,1024,medium,TRUE,1.90E-07,COMPLETE
158,158,732,05:29.8,23:44.7,0 days 00:18:14.856324,relu,32,0.3,2.76E-07,0.99,0.995,2.24E-05,0.8,20,2048,medium,TRUE,2.74E-07,COMPLETE
501,501,730,50:50.5,06:59.8,0 days 00:16:09.324250,tanh,32,0.3,6.12E-08,0.99,0.99,2.00E-05,0.8,20,2048,medium,TRUE,0.000253663,COMPLETE
116,116,728,02:22.1,06:08.1,0 days 00:03:46.052514,relu,256,0.3,3.60E-07,0.99,0.99,2.01E-05,0.9,20,2048,medium,TRUE,1.15E-06,COMPLETE
156,156,728,36:58.9,53:54.1,0 days 00:16:55.239257,relu,32,0.3,2.25E-07,0.99,0.995,1.26E-05,0.8,20,2048,medium,TRUE,7.73E-07,COMPLETE
108,108,726,37:49.6,41:39.9,0 days 00:03:50.294546,relu,256,0.3,1.01E-07,0.99,0.99,1.75E-05,0.9,20,2048,medium,TRUE,2.85E-06,COMPLETE
497,497,722,06:34.7,22:21.9,0 days 00:15:47.242092,tanh,32,0.1,8.43E-08,0.99,0.99,1.28E-05,0.8,20,2048,medium,TRUE,1.10E-07,COMPLETE
408,408,716,38:41.3,46:32.3,0 days 00:07:50.933259,relu,128,0.3,9.84E-08,0.99,0.99,1.88E-05,0.7,20,2048,medium,TRUE,5.74E-06,COMPLETE
121,121,710,17:22.4,21:08.2,0 days 00:03:45.854900,relu,256,0.3,2.40E-07,0.99,0.99,1.36E-05,0.9,20,2048,medium,TRUE,2.80E-06,COMPLETE
173,173,710,32:23.1,48:54.0,0 days 00:16:30.872006,tanh,32,0.1,1.06E-06,0.99,0.995,2.72E-05,0.5,20,1024,medium,TRUE,5.06E-07,COMPLETE
202,202,710,56:53.6,13:54.9,0 days 00:17:01.375142,relu,32,0.3,5.71E-07,0.99,0.995,1.43E-05,0.7,20,2048,medium,TRUE,1.86E-06,COMPLETE
315,315,708,08:12.1,19:04.8,0 days 01:10:52.718671,relu,8,0.1,6.43E-08,0.99,0.995,1.30E-05,0.5,20,512,medium,TRUE,1.30E-06,COMPLETE
174,174,706,48:54.0,04:57.9,0 days 00:16:03.937161,tanh,32,0.1,1.05E-06,0.99,0.995,4.11E-05,0.5,20,1024,medium,TRUE,1.42E-07,COMPLETE
143,143,705,17:25.6,21:25.3,0 days 00:03:59.710022,relu,256,0.3,3.90E-07,0.99,0.995,1.59E-05,0.7,20,2048,medium,TRUE,2.96E-06,COMPLETE
137,137,699,01:51.0,05:23.1,0 days 00:03:32.082032,relu,256,0.3,5.94E-07,0.99,0.995,1.45E-05,0.7,20,2048,medium,TRUE,2.28E-06,COMPLETE
126,126,694,33:25.2,36:53.8,0 days 00:03:28.519889,relu,256,0.3,7.04E-07,0.99,0.99,1.78E-05,0.9,20,2048,medium,TRUE,1.45E-06,COMPLETE
44,44,690,41:28.7,54:39.1,0 days 00:13:10.421173,relu,128,0.2,1.16E-08,0.8,0.999,1.72E-05,0.3,20,64,large,TRUE,0.000197173,COMPLETE
396,396,689,26:45.0,34:02.4,0 days 00:07:17.436218,relu,128,0.1,8.58E-07,0.99,0.99,0.000101506,0.9,20,2048,medium,TRUE,3.09E-06,COMPLETE
145,145,681,23:43.4,49:05.6,0 days 01:25:22.244001,relu,8,0.3,1.37E-06,0.99,0.995,3.40E-05,0.7,20,2048,medium,TRUE,6.29E-06,COMPLETE
109,109,678,41:39.9,45:31.1,0 days 00:03:51.191645,relu,256,0.3,1.11E-07,0.99,0.99,1.73E-05,0.9,20,2048,medium,TRUE,1.71E-06,COMPLETE
160,160,678,30:24.0,49:40.7,0 days 00:19:16.683196,relu,32,0.3,6.05E-07,0.99,0.995,4.17E-05,0.8,20,2048,medium,TRUE,4.72E-07,COMPLETE
492,492,676,28:26.0,44:01.7,0 days 00:15:35.731388,tanh,32,0.1,2.96E-07,0.99,0.99,1.85E-05,0.8,20,2048,medium,TRUE,1.04E-07,COMPLETE
263,263,672,49:14.2,05:14.8,0 days 00:16:00.566984,relu,32,0.1,1.61E-06,0.99,0.995,1.24E-05,0.8,20,512,medium,TRUE,3.90E-06,COMPLETE
184,184,668,53:37.5,09:34.5,0 days 00:15:57.039432,tanh,32,0.1,1.31E-06,0.99,0.999,1.01E-05,0.6,20,1024,medium,TRUE,1.62E-07,COMPLETE
283,283,665,40:48.2,06:31.2,0 days 01:25:42.991283,relu,8,0.1,2.24E-08,0.99,0.995,4.67E-05,0.6,20,512,medium,TRUE,3.02E-06,COMPLETE
511,511,662,59:52.0,04:03.0,0 days 00:04:11.049026,tanh,256,0.3,4.10E-08,0.98,0.99,1.68E-05,0.3,20,2048,medium,TRUE,0.000408502,COMPLETE
195,195,660,44:17.9,01:28.6,0 days 00:17:10.697273,relu,32,0.3,2.39E-07,0.99,0.995,1.43E-05,0.7,20,2048,medium,TRUE,6.03E-07,COMPLETE
166,166,654,56:48.7,16:54.0,0 days 00:20:05.217010,relu,32,0.1,1.11E-06,0.99,0.995,2.91E-05,0.8,20,2048,medium,TRUE,2.11E-07,COMPLETE
267,267,653,33:25.8,49:34.4,0 days 00:16:08.593363,relu,32,0.1,1.52E-06,0.99,0.99,1.17E-05,0.8,20,512,medium,TRUE,8.97E-06,COMPLETE
360,360,652,41:32.8,45:25.0,0 days 00:03:52.161254,relu,256,0.3,2.98E-08,0.99,0.995,2.22E-05,1,20,2048,medium,TRUE,0.000219382,COMPLETE
246,246,651,08:45.1,13:22.8,0 days 00:04:37.619501,relu,256,0.3,6.26E-08,0.99,0.995,1.26E-05,0.5,20,2048,medium,TRUE,2.85E-06,COMPLETE
95,95,650,19:20.0,26:08.4,0 days 00:06:48.329328,relu,128,0.3,2.73E-08,0.99,0.99,1.22E-05,0.9,20,2048,medium,TRUE,3.59E-06,COMPLETE
136,136,648,58:20.3,01:51.0,0 days 00:03:30.684684,relu,256,0.3,8.08E-07,0.99,0.995,1.46E-05,0.7,20,2048,medium,TRUE,8.90E-07,COMPLETE
170,170,647,42:14.8,58:26.8,0 days 00:16:11.968397,tanh,32,0.1,2.58E-06,0.99,0.995,2.11E-05,0.5,20,2048,medium,TRUE,2.11E-07,COMPLETE
318,318,645,08:53.6,06:05.9,0 days 00:57:12.275236,tanh,8,0.1,1.21E-07,0.99,0.995,1.24E-05,0.5,20,512,medium,TRUE,7.41E-07,COMPLETE
134,134,643,53:02.3,56:48.1,0 days 00:03:45.747515,relu,256,0.3,1.83E-07,0.99,0.995,1.95E-05,0.7,20,2048,medium,TRUE,1.49E-06,COMPLETE
102,102,642,16:22.2,19:58.4,0 days 00:03:36.195174,relu,256,0.3,3.34E-08,0.99,0.99,3.44E-05,0.9,20,2048,medium,TRUE,6.93E-06,COMPLETE
103,103,642,19:58.4,23:57.9,0 days 00:03:59.574106,relu,256,0.3,1.04E-08,0.99,0.99,1.81E-05,0.9,20,2048,medium,TRUE,2.75E-06,COMPLETE
221,221,637,57:40.8,14:09.3,0 days 00:16:28.490353,tanh,32,0.1,2.74E-06,0.99,0.995,1.62E-05,0.5,20,2048,medium,TRUE,2.21E-07,COMPLETE
367,367,635,46:32.1,06:06.0,0 days 00:19:33.916470,relu,32,0.3,5.85E-06,0.99,0.995,3.90E-05,1,20,2048,medium,TRUE,0.000391566,COMPLETE
305,305,634,54:58.6,12:20.3,0 days 00:17:21.663692,relu,32,0.3,0.001560611,0.99,0.995,1.43E-05,0.8,20,2048,medium,TRUE,1.11E-06,COMPLETE
118,118,633,07:48.5,11:52.3,0 days 00:04:03.798461,relu,256,0.3,1.90E-07,0.99,0.99,1.40E-05,0.9,20,2048,medium,TRUE,2.85E-06,COMPLETE
234,234,632,08:46.6,12:48.0,0 days 00:04:01.442886,relu,256,0.3,8.73E-07,0.99,0.995,1.61E-05,0.7,20,2048,medium,TRUE,1.25E-06,COMPLETE
562,562,632,43:57.6,52:51.5,0 days 00:08:53.924070,relu,128,0.3,4.46E-07,0.99,0.995,2.39E-05,0.5,20,2048,large,TRUE,0.019372415,COMPLETE
178,178,626,38:57.3,55:46.8,0 days 00:16:49.497074,tanh,32,0.1,9.89E-07,0.99,0.995,3.68E-05,0.5,20,1024,medium,TRUE,1.04E-07,COMPLETE
222,222,624,14:09.3,30:18.1,0 days 00:16:08.744455,tanh,32,0.1,2.04E-06,0.99,0.995,2.00E-05,0.5,20,2048,medium,TRUE,1.36E-07,COMPLETE
172,172,619,15:38.0,32:23.1,0 days 00:16:45.080488,tanh,32,0.1,1.44E-06,0.99,0.995,1.22E-05,0.5,20,2048,medium,TRUE,2.59E-07,COMPLETE
199,199,618,29:32.5,45:54.7,0 days 00:16:22.215407,tanh,32,0.3,3.97E-07,0.99,0.995,1.22E-05,0.5,20,2048,medium,TRUE,2.44E-07,COMPLETE
122,122,616,21:08.2,24:51.6,0 days 00:03:43.402774,relu,256,0.3,2.06E-07,0.99,0.99,1.04E-05,0.9,20,2048,medium,TRUE,1.14E-06,COMPLETE
612,612,616,43:28.7,10:11.2,0 days 00:26:42.483440,relu,32,0.3,7.69E-07,0.99,0.99,0.000215208,0.9,20,2048,medium,TRUE,0.000191193,COMPLETE
289,289,613,06:12.7,24:27.0,0 days 00:18:14.295832,relu,32,0.1,1.35E-06,0.99,0.995,2.34E-05,0.6,20,512,medium,TRUE,1.09E-05,COMPLETE
232,232,612,03:29.3,07:14.2,0 days 00:03:44.846938,relu,256,0.3,5.29E-07,0.99,0.995,2.31E-05,0.7,20,2048,medium,TRUE,2.70E-06,COMPLETE
120,120,611,13:37.2,17:22.4,0 days 00:03:45.176706,relu,256,0.3,1.62E-07,0.99,0.99,1.00E-05,0.9,20,2048,medium,TRUE,8.42E-07,COMPLETE
272,272,610,16:40.2,23:13.6,0 days 00:06:33.347202,relu,128,0.1,9.00E-07,1,0.99,1.02E-05,0.8,20,512,medium,TRUE,2.77E-06,COMPLETE
282,282,610,24:09.6,40:48.2,0 days 00:16:38.613539,relu,32,0.3,3.68E-08,0.99,0.999,1.32E-05,0.9,20,2048,medium,TRUE,6.12E-06,COMPLETE
96,96,603,26:08.4,36:25.9,0 days 00:10:17.523230,relu,64,0.3,2.68E-08,0.99,0.99,2.36E-05,0.9,20,2048,medium,TRUE,4.91E-06,COMPLETE
104,104,602,23:57.9,27:38.8,0 days 00:03:40.887490,relu,256,0.3,2.09E-08,0.99,0.99,1.24E-05,0.9,20,2048,medium,TRUE,2.99E-06,COMPLETE
113,113,602,54:58.3,59:10.6,0 days 00:04:12.269579,relu,256,0.3,1.48E-07,0.99,0.99,1.18E-05,0.9,20,2048,medium,TRUE,4.38E-06,COMPLETE
140,140,599,10:20.6,14:20.4,0 days 00:03:59.735616,relu,256,0.1,7.66E-07,1,0.995,2.42E-05,0.7,20,1024,medium,TRUE,5.37E-07,COMPLETE
112,112,592,51:06.2,54:58.3,0 days 00:03:52.063118,relu,256,0.3,1.83E-07,0.99,0.99,1.67E-05,0.9,20,2048,medium,TRUE,2.80E-06,COMPLETE
201,201,592,53:02.1,56:53.6,0 days 00:03:51.491643,relu,256,0.3,8.82E-07,0.99,0.995,1.47E-05,0.7,20,2048,medium,TRUE,7.01E-07,COMPLETE
465,465,585,47:11.4,10:02.9,0 days 00:22:51.500695,relu,32,0.3,2.17E-06,0.99,0.995,8.35E-05,0.9,20,2048,medium,TRUE,4.49E-05,COMPLETE
185,185,573,09:34.5,28:20.1,0 days 00:18:45.570135,tanh,32,0.1,1.36E-06,0.99,0.999,1.06E-05,0.6,20,1024,medium,TRUE,1.33E-07,COMPLETE
175,175,572,04:57.9,22:27.2,0 days 00:17:29.340551,tanh,32,0.1,1.05E-06,0.99,0.995,4.23E-05,0.5,20,1024,medium,TRUE,1.55E-07,COMPLETE
319,319,561,06:05.9,22:23.3,0 days 01:16:17.382236,relu,8,0.1,2.55E-07,0.99,0.995,1.67E-05,0.5,20,512,medium,TRUE,9.13E-07,COMPLETE
300,300,555,35:44.3,42:36.3,0 days 00:06:52.071626,relu,128,0.3,1.30E-08,0.99,0.995,7.71E-05,0.9,20,2048,medium,TRUE,1.59E-06,COMPLETE
577,577,537,23:40.8,27:06.7,0 days 00:03:25.875093,relu,256,0.3,1.53E-07,0.99,0.995,0.001198926,0.7,20,2048,small,TRUE,4.72E-07,COMPLETE
510,510,528,51:10.6,59:52.0,0 days 00:08:41.368093,tanh,128,0.3,2.57E-07,0.99,0.99,3.64E-05,5,20,2048,medium,TRUE,8.82E-07,COMPLETE
124,124,524,26:26.0,29:56.9,0 days 00:03:30.871695,relu,256,0.3,1.92E-07,0.99,0.99,1.44E-05,0.9,20,2048,medium,TRUE,4.21E-07,COMPLETE
35,35,510,40:29.2,47:40.7,0 days 00:07:11.438682,relu,128,0.2,4.42E-06,0.9,0.9999,5.16E-05,0.9,10,64,large,TRUE,6.11E-05,COMPLETE
364,364,501,27:17.7,42:47.3,0 days 00:15:29.630787,tanh,32,0.1,1.44E-08,0.99,0.99,2.40E-05,1,20,2048,medium,TRUE,0.000288941,COMPLETE
640,640,491,30:53.9,37:31.7,0 days 00:06:37.726773,tanh,32,0.3,1.93E-08,0.99,0.995,3.02E-05,0.8,20,2048,medium,TRUE,4.18E-07,PRUNED
611,611,473,34:15.5,43:28.7,0 days 00:09:13.239131,relu,32,0.3,2.30E-07,0.99,0.995,2.52E-05,0.7,20,1024,large,TRUE,0.037119177,PRUNED
316,316,471,19:04.8,36:02.3,0 days 01:16:57.466835,relu,8,0.1,6.64E-08,0.99,0.995,1.98E-05,0.5,20,512,medium,TRUE,1.26E-06,COMPLETE
560,560,471,00:45.1,04:46.1,0 days 00:04:00.933052,relu,256,0.2,8.41E-07,0.8,0.995,1.24E-05,0.9,20,2048,medium,TRUE,0.000327676,COMPLETE
161,161,470,49:40.7,07:34.9,0 days 00:17:54.213929,relu,32,0.3,5.27E-07,0.99,0.995,3.16E-05,0.8,20,2048,medium,TRUE,3.01E-07,COMPLETE
181,181,470,02:50.3,22:16.5,0 days 00:19:26.188694,tanh,32,0.1,2.09E-06,0.99,0.995,2.34E-05,0.5,20,1024,medium,TRUE,1.22E-07,COMPLETE
533,533,468,08:45.2,10:34.3,0 days 00:01:49.031989,tanh,256,0.3,1.83E-08,0.99,0.99,0.000245555,0.9,20,2048,medium,TRUE,6.44E-07,PRUNED
417,417,461,15:55.0,18:53.7,0 days 00:02:58.736431,relu,128,0.3,1.53E-07,1,0.99,2.01E-05,0.5,20,2048,medium,TRUE,0.041960058,PRUNED
475,475,459,00:13.9,03:54.1,0 days 00:03:40.233439,tanh,128,0.1,9.65E-07,0.99,0.995,1.20E-05,0.6,20,1024,medium,TRUE,0.000701372,PRUNED
43,43,452,35:06.2,41:28.7,0 days 00:06:22.428968,relu,128,0.2,9.70E-08,0.8,0.9999,1.75E-05,0.3,10,64,large,TRUE,9.61E-05,COMPLETE
345,345,451,53:00.1,54:39.7,0 days 00:01:39.584205,relu,256,0.1,1.06E-08,0.99,0.99,1.20E-05,0.8,20,2048,medium,TRUE,5.20E-06,PRUNED
106,106,445,31:00.8,34:25.1,0 days 00:03:24.274713,relu,256,0.3,1.07E-07,0.99,0.99,1.73E-05,0.9,20,2048,medium,TRUE,3.83E-06,COMPLETE
413,413,444,02:36.8,05:38.0,0 days 00:03:01.196404,relu,128,0.3,9.86E-08,0.99,0.99,0.00037421,0.7,20,2048,medium,TRUE,3.24E-06,PRUNED
528,528,443,36:33.2,44:02.7,0 days 00:07:29.525834,relu,32,0.3,2.66E-08,0.99,0.99,3.50E-05,2,20,2048,medium,TRUE,0.000278473,PRUNED
379,379,442,04:40.5,12:15.0,0 days 00:07:34.496811,relu,32,0.3,0.000241098,0.99,0.995,1.23E-05,0.9,20,2048,medium,TRUE,6.54E-07,PRUNED
107,107,438,34:25.1,37:49.6,0 days 00:03:24.575294,relu,256,0.3,1.23E-07,0.99,0.99,1.54E-05,0.9,20,2048,medium,TRUE,2.57E-06,COMPLETE
381,381,438,29:39.9,37:01.4,0 days 00:07:21.582771,tanh,32,0.1,1.64E-05,0.99,0.99,3.08E-05,0.6,20,512,medium,TRUE,2.60E-05,PRUNED
270,270,433,05:35.4,15:43.6,0 days 01:10:08.167409,relu,8,0.1,1.11E-06,0.99,0.99,1.18E-05,0.8,20,512,medium,TRUE,0.000165069,COMPLETE
111,111,432,47:19.0,51:06.2,0 days 00:03:47.228077,relu,256,0.3,1.27E-07,0.99,0.99,1.37E-05,0.9,20,2048,medium,TRUE,2.16E-06,COMPLETE
529,529,431,44:02.7,47:48.8,0 days 00:03:46.086765,tanh,128,0.3,7.56E-08,0.99,0.99,0.000569855,0.9,20,2048,medium,TRUE,1.37E-06,PRUNED
569,569,429,32:45.5,40:47.1,0 days 00:08:01.616068,relu,32,0.2,5.54E-05,0.98,0.99,4.47E-05,0.9,20,2048,medium,TRUE,8.69E-05,PRUNED
243,243,428,52:04.9,55:39.2,0 days 00:03:34.326025,relu,256,0.3,4.66E-05,0.99,0.99,1.81E-05,0.9,20,2048,medium,TRUE,3.57E-06,COMPLETE
496,496,428,00:08.9,06:34.7,0 days 00:06:25.755090,tanh,32,0.3,3.58E-07,0.99,0.99,2.04E-05,0.8,20,2048,medium,TRUE,0.012748432,PRUNED
537,537,426,15:55.6,27:53.4,0 days 00:11:57.784379,relu,32,0.3,1.85E-07,0.99,0.9999,2.95E-05,0.5,20,64,large,TRUE,0.001866958,PRUNED
618,618,425,33:28.3,30:27.8,0 days 00:56:59.464271,tanh,8,0.3,3.63E-07,0.99,0.999,2.08E-05,2,20,2048,medium,TRUE,0.016990788,COMPLETE
101,101,422,09:08.1,16:22.2,0 days 00:07:14.048756,relu,128,0.3,3.62E-08,0.99,0.99,2.98E-05,0.9,20,2048,medium,TRUE,3.23E-06,COMPLETE
629,629,421,52:34.6,53:40.5,0 days 00:01:05.916197,tanh,512,0.3,1.17E-06,0.98,0.995,9.40E-05,0.9,20,1024,medium,TRUE,0.016690407,PRUNED
128,128,416,38:31.0,42:13.6,0 days 00:03:42.656898,relu,256,0.3,2.34E-07,0.99,0.99,2.02E-05,0.9,20,2048,medium,TRUE,1.83E-06,COMPLETE
273,273,415,23:13.6,31:51.3,0 days 00:08:37.725843,relu,32,0.4,2.87E-07,0.99,0.99,0.000154483,0.9,20,512,medium,TRUE,4.46E-06,PRUNED
347,347,415,05:48.6,23:49.2,0 days 01:18:00.543648,relu,8,0.1,1.80E-05,0.99,0.995,2.67E-05,0.9,20,512,medium,TRUE,2.94E-07,COMPLETE
471,471,415,00:21.0,03:58.5,0 days 00:03:37.479653,tanh,32,0.2,7.80E-08,0.99,0.995,1.44E-05,0.5,10,2048,medium,TRUE,2.29E-06,PRUNED
94,94,414,08:51.8,19:20.0,0 days 00:10:28.225448,relu,64,0.3,2.72E-08,0.92,0.99,2.61E-05,0.9,20,128,medium,TRUE,8.13E-06,COMPLETE
223,223,414,30:18.1,36:42.6,0 days 00:06:24.567313,tanh,32,0.1,4.42E-07,0.99,0.995,2.17E-05,0.5,20,2048,medium,TRUE,1.84E-07,PRUNED
582,582,414,22:44.6,25:44.4,0 days 00:02:59.719367,relu,128,0.3,1.44E-08,0.99,0.995,1.00E-05,0.5,20,2048,medium,TRUE,2.93E-06,PRUNED
138,138,413,05:23.1,08:53.6,0 days 00:03:30.508177,relu,256,0.3,9.15E-07,0.99,0.995,3.04E-05,0.7,20,2048,medium,TRUE,2.72E-06,COMPLETE
38,38,412,59:45.4,06:53.9,0 days 00:07:08.537306,relu,128,0.2,1.82E-08,0.8,0.9999,2.30E-05,0.3,10,64,large,TRUE,5.36E-05,COMPLETE
251,251,412,42:09.3,59:16.7,0 days 00:17:07.329932,relu,32,0.3,6.28E-07,0.99,0.995,1.58E-05,0.6,20,2048,medium,TRUE,0.000452077,COMPLETE
292,292,412,40:32.3,48:20.6,0 days 00:07:48.344706,relu,32,0.1,1.60E-07,0.99,0.99,3.28E-05,2,20,1024,medium,TRUE,3.34E-06,PRUNED
358,358,412,19:23.0,24:40.9,0 days 00:05:17.823451,relu,64,0.3,1.41E-06,1,0.995,0.000120355,0.8,20,2048,medium,TRUE,1.02E-06,PRUNED
336,336,411,37:57.1,45:01.8,0 days 00:07:04.691153,relu,32,0.1,4.10E-07,0.92,0.995,1.21E-05,0.8,20,1024,medium,TRUE,1.95E-07,PRUNED
349,349,411,34:26.8,38:22.6,0 days 00:03:55.794612,tanh,256,0.2,1.21E-07,0.99,0.99,1.50E-05,0.5,20,2048,medium,TRUE,0.0008564,COMPLETE
147,147,410,05:45.0,01:47.7,0 days 00:56:02.657248,tanh,8,0.3,1.31E-06,0.99,0.995,2.87E-05,0.7,20,2048,medium,TRUE,1.58E-06,COMPLETE
454,454,410,12:11.0,21:33.9,0 days 00:09:22.905369,relu,32,0.3,3.23E-08,0.92,0.999,2.18E-05,0.5,20,64,medium,TRUE,5.79E-06,PRUNED
72,72,408,28:21.6,35:14.6,0 days 00:06:53.041043,relu,128,0.2,2.02E-08,0.8,0.9999,5.29E-05,0.3,10,64,large,TRUE,5.40E-05,COMPLETE
505,505,408,17:15.4,33:34.9,0 days 00:16:19.485913,tanh,32,0.3,8.29E-08,0.99,0.99,2.95E-05,0.8,20,2048,medium,TRUE,0.000156162,COMPLETE
580,580,407,06:12.8,14:25.0,0 days 00:08:12.125651,relu,32,0.1,1.29E-05,0.99,0.99,5.82E-05,0.7,20,1024,medium,TRUE,2.06E-05,PRUNED
502,502,404,06:59.8,08:49.4,0 days 00:01:49.593053,tanh,256,0.3,3.90E-08,0.99,0.99,2.79E-05,0.8,20,2048,medium,TRUE,0.000657839,PRUNED
402,402,402,48:50.6,55:40.8,0 days 00:06:50.208452,relu,128,0.2,3.99E-07,0.99,0.99,3.29E-05,0.9,20,2048,medium,TRUE,0.000507061,COMPLETE
419,419,402,19:46.8,22:16.2,0 days 00:02:29.440517,tanh,128,0.3,7.99E-06,0.99,0.99,3.65E-05,0.9,20,2048,small,TRUE,5.37E-06,PRUNED
421,421,400,30:44.9,37:13.8,0 days 00:06:28.860086,relu,128,0.2,4.18E-08,0.99,0.99,1.56E-05,0.5,20,2048,medium,TRUE,3.28E-05,COMPLETE
508,508,398,43:59.2,45:46.4,0 days 00:01:47.207053,tanh,256,0.3,0.000290487,0.99,0.99,2.42E-05,0.8,20,2048,medium,TRUE,0.000241792,PRUNED
410,410,394,51:46.0,55:28.0,0 days 00:03:41.979129,tanh,128,0.3,1.26E-07,0.99,0.99,1.97E-05,0.7,20,2048,medium,TRUE,6.45E-06,PRUNED
432,432,392,39:18.0,43:16.2,0 days 00:03:58.187105,tanh,128,0.3,3.00E-07,0.99,0.99,2.50E-05,0.5,20,2048,medium,TRUE,1.29E-05,PRUNED
585,585,390,35:40.5,43:08.0,0 days 00:07:27.529135,relu,32,0.3,4.77E-08,0.9,0.99,1.57E-05,0.3,20,2048,medium,TRUE,7.58E-07,PRUNED
353,353,389,58:01.9,27:44.1,0 days 00:29:42.176144,relu,8,0.3,8.78E-07,0.99,0.99,2.10E-05,0.6,20,2048,medium,TRUE,3.97E-07,PRUNED
573,573,387,46:19.2,50:18.7,0 days 00:03:59.468292,relu,256,0.3,5.86E-07,0.99,0.995,8.66E-05,0.7,20,1024,medium,TRUE,2.25E-06,COMPLETE
303,303,386,50:36.1,48:27.3,0 days 00:57:51.196094,tanh,8,0.3,2.50E-05,0.99,0.999,2.09E-05,0.9,20,2048,medium,TRUE,6.55E-05,COMPLETE
320,320,385,22:23.3,24:26.1,0 days 00:02:02.880886,relu,8,0.1,3.72E-06,0.99,0.98,3.64E-05,0.5,1,512,medium,TRUE,3.01E-05,PRUNED
614,614,385,11:09.6,14:34.7,0 days 00:03:25.143581,tanh,128,0.3,0.000495842,0.99,0.99,1.83E-05,0.3,20,2048,medium,TRUE,0.000364468,PRUNED
325,325,384,23:58.2,32:02.7,0 days 00:08:04.450431,relu,32,0.1,1.09E-06,0.99,0.995,2.74E-05,0.7,20,512,medium,TRUE,0.000536849,PRUNED
575,575,384,58:40.4,20:04.0,0 days 00:21:23.543698,relu,16,0.3,2.13E-07,0.99,0.995,1.29E-05,5,20,2048,large,TRUE,0.001736627,PRUNED
546,546,382,25:17.0,28:20.6,0 days 00:03:03.590691,relu,128,0.3,0.000136606,0.92,0.995,1.54E-05,0.3,20,2048,medium,TRUE,0.003548494,PRUNED
47,47,380,18:39.3,32:02.0,0 days 00:13:22.742967,relu,256,0.2,1.34E-08,0.8,0.999,3.65E-05,0.3,20,64,large,TRUE,5.18E-05,COMPLETE
58,58,380,13:08.9,27:22.9,0 days 00:14:14.078265,relu,64,0.3,4.04E-08,0.92,0.99,3.59E-05,5,20,128,large,TRUE,2.01E-05,COMPLETE
57,57,379,05:40.4,13:08.9,0 days 00:07:28.500366,relu,128,0.2,4.03E-08,0.92,0.99,2.84E-05,5,10,64,large,TRUE,2.56E-05,COMPLETE
189,189,378,52:34.9,16:24.0,0 days 00:23:49.064411,tanh,8,0.1,3.32E-07,0.99,0.999,1.74E-05,2,20,1024,medium,TRUE,1.93E-07,PRUNED
224,224,378,36:42.6,43:17.4,0 days 00:06:34.791773,tanh,32,0.1,1.14E-06,0.99,0.999,1.32E-05,0.5,20,2048,medium,TRUE,2.61E-07,PRUNED
450,450,378,30:24.1,32:41.7,0 days 00:02:17.637744,relu,32,0.3,1.11E-06,0.99,0.995,1.71E-05,0.9,5,2048,medium,TRUE,1.67E-06,PRUNED
276,276,375,40:35.9,48:33.5,0 days 00:07:57.592397,relu,32,0.1,6.33E-07,0.99,0.995,1.43E-05,0.9,20,512,medium,TRUE,1.89E-05,PRUNED
41,41,374,21:27.8,28:37.2,0 days 00:07:09.366482,relu,128,0.2,1.31E-08,0.8,0.9999,5.43E-05,0.3,10,64,large,TRUE,5.82E-05,COMPLETE
274,274,374,31:51.3,32:58.7,0 days 00:01:07.346488,relu,512,0.3,1.94E-06,0.98,0.999,0.000656572,0.6,20,1024,medium,TRUE,0.000849428,PRUNED
153,153,371,59:51.3,03:20.7,0 days 00:03:29.400128,relu,256,0.3,2.91E-07,0.99,0.98,2.39E-05,2,20,2048,medium,TRUE,1.90E-06,COMPLETE
383,383,371,53:35.4,00:25.8,0 days 00:06:50.399495,tanh,32,0.1,4.39E-06,0.99,0.99,0.000341457,0.6,20,2048,medium,TRUE,5.67E-06,PRUNED
391,391,371,25:17.2,30:10.1,0 days 00:04:52.937019,relu,64,0.4,4.40E-07,0.99,0.999,1.34E-05,2,20,1024,medium,TRUE,5.00E-06,PRUNED
538,538,371,27:53.4,32:58.7,0 days 00:05:05.291090,relu,64,0.3,8.10E-06,0.99,0.99,9.80E-05,0.7,20,2048,medium,TRUE,1.87E-06,PRUNED
244,244,370,55:39.2,57:33.6,0 days 00:01:54.424277,relu,256,0.3,1.13E-07,0.99,0.99,4.09E-05,0.9,20,2048,medium,TRUE,1.77E-06,PRUNED
183,183,368,37:52.0,53:37.5,0 days 00:15:45.455135,tanh,32,0.1,6.88E-07,0.99,0.995,1.27E-05,0.5,20,1024,medium,TRUE,4.23E-07,COMPLETE
105,105,367,27:38.8,31:00.8,0 days 00:03:21.965573,relu,256,0.3,3.09E-08,0.99,0.99,1.19E-05,0.9,20,2048,medium,TRUE,2.41E-06,COMPLETE
301,301,367,42:36.3,49:29.9,0 days 00:06:53.510615,relu,32,0.1,9.43E-07,0.99,0.995,1.58E-05,0.8,20,1024,medium,TRUE,6.43E-07,PRUNED
314,314,366,01:21.3,08:12.1,0 days 00:06:50.835973,relu,32,0.3,1.42E-06,0.99,0.995,1.57E-05,0.8,20,2048,medium,TRUE,4.82E-07,PRUNED
458,458,365,55:39.0,59:47.7,0 days 00:04:08.713776,tanh,128,0.3,4.93E-07,0.95,0.995,0.001127865,0.9,20,512,medium,TRUE,2.02E-06,PRUNED
271,271,364,15:43.6,16:40.2,0 days 00:00:56.621396,relu,32,0.3,4.28E-07,0.99,0.99,5.81E-05,0.8,1,512,medium,TRUE,6.42E-06,PRUNED
362,362,364,16:59.7,25:39.4,0 days 00:08:39.754593,relu,32,0.4,2.84E-08,0.99,0.995,3.19E-05,0.9,20,512,medium,TRUE,7.65E-07,PRUNED
504,504,361,15:25.7,17:15.4,0 days 00:01:49.718424,tanh,256,0.3,5.10E-08,0.99,0.99,2.00E-05,0.8,20,2048,medium,TRUE,0.000180288,PRUNED
461,461,356,32:03.1,35:26.4,0 days 00:03:23.326529,relu,256,0.4,1.29E-06,0.99,0.999,2.77E-05,0.6,20,256,medium,TRUE,7.60E-07,COMPLETE
313,313,354,59:49.0,01:21.3,0 days 00:01:32.265880,relu,256,0.3,1.36E-05,0.99,0.99,3.61E-05,0.9,20,1024,medium,TRUE,3.28E-06,PRUNED
386,386,354,17:33.5,24:30.6,0 days 00:06:57.014716,tanh,32,0.1,0.002872128,0.99,0.99,2.71E-05,0.6,20,2048,medium,TRUE,3.73E-07,PRUNED
507,507,353,40:22.9,43:59.2,0 days 00:03:36.316922,tanh,128,0.3,1.03E-07,0.99,0.99,1.72E-05,0.8,20,2048,medium,TRUE,0.000327949,PRUNED
630,630,353,53:40.5,28:07.2,0 days 00:34:26.687137,relu,8,0.1,3.61E-06,0.99,0.99,2.35E-05,0.8,20,256,medium,TRUE,1.69E-06,PRUNED
59,59,352,27:22.9,37:41.9,0 days 00:10:18.924107,relu,64,0.3,2.40E-07,0.92,0.99,8.71E-05,5,20,128,medium,TRUE,1.34E-05,COMPLETE
641,641,352,37:31.7,51:22.1,0 days 00:13:50.393529,relu,8,0.3,4.71E-08,0.99,0.98,1.42E-05,0.5,10,2048,medium,TRUE,7.39E-07,PRUNED
36,36,351,47:40.7,54:13.1,0 days 00:06:32.440840,relu,128,0.2,4.50E-06,0.9,0.9999,7.23E-05,0.9,10,64,large,TRUE,1.27E-05,COMPLETE
155,155,351,32:45.8,36:58.9,0 days 00:04:13.111187,relu,256,0.3,1.45E-06,0.99,0.995,3.21E-05,0.7,5,16,medium,TRUE,3.39E-06,PRUNED
495,495,351,56:40.8,00:08.9,0 days 00:03:28.129387,tanh,32,0.3,2.02E-07,0.99,0.99,1.50E-05,0.8,10,2048,medium,TRUE,1.66E-07,PRUNED
517,517,351,28:31.2,30:26.5,0 days 00:01:55.308198,tanh,512,0.2,2.70E-07,0.99,0.99,2.67E-05,0.8,20,256,medium,TRUE,4.22E-05,PRUNED
81,81,346,29:12.6,36:01.0,0 days 00:06:48.398210,relu,128,0.2,1.72E-08,0.8,0.9999,5.52E-05,0.3,10,64,large,TRUE,5.25E-05,COMPLETE
425,425,345,14:45.8,51:44.5,0 days 00:36:58.697904,relu,128,0.3,1.75E-08,0.92,0.99,1.92E-05,0.3,20,8,medium,TRUE,1.24E-06,PRUNED
151,151,342,54:38.6,58:13.5,0 days 00:03:34.879111,relu,256,0.3,4.59E-07,0.99,0.995,1.48E-05,0.6,20,2048,medium,TRUE,2.66E-06,COMPLETE
211,211,342,26:47.5,28:48.4,0 days 00:02:00.906795,relu,256,0.3,8.92E-07,0.99,0.995,1.49E-05,0.7,20,2048,medium,TRUE,9.72E-07,PRUNED
416,416,341,12:46.7,15:55.0,0 days 00:03:08.327151,relu,128,0.3,4.66E-08,0.99,0.99,2.61E-05,0.9,20,1024,medium,TRUE,1.06E-05,PRUNED
568,568,339,29:42.0,32:45.5,0 days 00:03:03.468838,relu,128,0.3,1.06E-05,0.99,0.995,1.75E-05,0.5,20,2048,medium,TRUE,0.002283416,PRUNED
31,31,338,21:31.3,28:39.3,0 days 00:07:08.002933,relu,128,0.2,5.71E-05,0.9,0.9999,0.0002826,0.9,10,64,large,TRUE,2.05E-06,COMPLETE
213,213,338,30:21.3,31:56.0,0 days 00:01:34.635181,relu,256,0.3,3.37E-07,0.99,0.995,2.04E-05,0.7,20,2048,medium,TRUE,3.44E-06,PRUNED
220,220,337,21:15.0,57:40.8,0 days 00:36:25.875672,relu,32,0.3,8.31E-07,0.99,0.995,2.51E-05,0.9,20,8,medium,TRUE,2.96E-06,PRUNED
462,462,336,35:26.4,42:55.1,0 days 00:07:28.628745,tanh,32,0.3,1.00E-07,0.99,0.995,4.02E-05,0.9,20,128,medium,TRUE,3.92E-06,PRUNED
545,545,329,18:09.5,25:17.0,0 days 00:07:07.439581,relu,512,0.3,3.77E-08,0.92,0.995,5.64E-05,0.7,20,128,medium,TRUE,0.027538528,COMPLETE
164,164,328,22:51.7,40:01.9,0 days 00:17:10.223101,relu,32,0.3,3.81E-07,0.99,0.995,1.56E-05,0.8,20,2048,medium,TRUE,8.22E-07,COMPLETE
196,196,326,01:28.6,08:33.9,0 days 00:07:05.240677,relu,32,0.3,1.49E-07,0.99,0.995,1.79E-05,0.7,20,2048,medium,TRUE,5.59E-07,PRUNED
503,503,326,08:49.4,15:25.7,0 days 00:06:36.257934,tanh,32,0.3,6.25E-08,0.99,0.99,2.20E-05,0.8,20,2048,medium,TRUE,2.50E-07,PRUNED
310,310,324,47:41.4,49:19.1,0 days 00:01:37.729935,relu,256,0.3,8.00E-07,0.99,0.99,1.75E-05,0.8,20,2048,medium,TRUE,1.84E-07,PRUNED
373,373,324,25:38.1,28:13.1,0 days 00:02:34.909199,relu,256,0.3,9.01E-07,0.99,0.98,2.26E-05,0.7,10,2048,medium,TRUE,0.000193141,COMPLETE
98,98,319,40:42.0,51:20.9,0 days 00:10:38.835005,relu,64,0.3,1.40E-08,0.99,0.99,1.27E-05,0.9,20,2048,medium,TRUE,3.50E-06,COMPLETE
610,610,317,30:23.7,34:15.5,0 days 00:03:51.758469,tanh,256,0.1,0.001264477,0.99,0.98,1.56E-05,0.9,20,2048,medium,TRUE,1.37E-06,COMPLETE
597,597,315,26:49.7,51:37.8,0 days 00:24:48.105426,relu,8,0.3,1.87E-06,1,0.99,3.88E-05,0.9,20,64,small,TRUE,7.18E-05,PRUNED
71,71,312,18:21.4,28:21.6,0 days 00:10:00.135300,relu,128,0.2,1.50E-08,0.8,0.9999,6.47E-05,0.3,10,64,large,TRUE,4.89E-05,COMPLETE
130,130,309,43:50.8,44:40.7,0 days 00:00:49.859272,relu,256,0.3,6.53E-08,0.99,0.99,3.22E-05,0.9,5,2048,medium,TRUE,4.18E-07,PRUNED
218,218,309,12:39.0,20:15.9,0 days 00:07:36.876498,relu,32,0.1,1.19E-07,0.99,0.98,1.03E-05,0.9,20,1024,medium,TRUE,1.43E-06,PRUNED
311,311,309,49:19.1,56:31.7,0 days 00:07:12.563210,relu,32,0.1,1.96E-07,0.99,0.995,1.22E-05,0.9,20,2048,medium,TRUE,2.50E-07,PRUNED
146,146,308,49:05.6,05:45.0,0 days 00:16:39.374671,relu,256,0.4,1.79E-06,0.98,0.995,3.83E-05,0.7,20,32,medium,TRUE,6.17E-06,COMPLETE
186,186,306,28:20.1,30:24.5,0 days 00:02:04.390110,tanh,32,0.1,3.39E-06,0.9,0.999,0.000244571,0.6,5,1024,medium,TRUE,1.82E-07,PRUNED
426,426,306,51:44.5,52:42.0,0 days 00:00:57.533994,relu,256,0.3,3.45E-08,0.99,0.99,1.20E-05,0.5,5,2048,medium,TRUE,2.65E-06,PRUNED
148,148,305,01:47.7,03:31.5,0 days 00:01:43.851643,relu,8,0.3,6.68E-07,0.99,0.995,2.51E-05,0.7,1,2048,medium,TRUE,1.03E-05,PRUNED
332,332,304,13:09.4,21:07.9,0 days 00:07:58.473374,relu,32,0.1,2.31E-07,0.99,0.995,1.92E-05,0.8,20,128,medium,TRUE,0.000274785,PRUNED
527,527,304,34:57.5,36:33.2,0 days 00:01:35.695909,relu,256,0.3,2.10E-07,0.99,0.99,1.51E-05,0.3,20,2048,medium,TRUE,0.000449248,PRUNED
171,171,301,58:26.8,15:38.0,0 days 00:17:11.194397,tanh,32,0.1,2.36E-06,0.99,0.995,2.07E-05,0.5,20,2048,medium,TRUE,1.57E-07,COMPLETE
26,26,300,14:55.1,16:47.8,0 days 00:01:52.688505,relu,512,0.2,5.84E-06,0.9,0.9999,0.000447203,0.6,10,1024,large,TRUE,5.05E-06,COMPLETE
162,162,298,07:34.9,14:42.4,0 days 00:07:07.536509,relu,32,0.3,3.15E-06,0.99,0.995,2.12E-05,0.8,20,2048,medium,TRUE,9.72E-07,PRUNED
262,262,297,47:35.2,49:14.2,0 days 00:01:38.974048,relu,256,0.3,5.52E-08,0.99,0.999,1.87E-05,1,20,2048,medium,TRUE,1.50E-06,PRUNED
571,571,294,42:34.7,43:34.9,0 days 00:01:00.254972,relu,512,0.3,0.000601962,0.99,0.995,1.47E-05,0.9,10,2048,medium,TRUE,0.001324844,PRUNED
76,76,292,06:16.4,12:19.9,0 days 00:06:03.494893,relu,128,0.2,1.82E-08,1,0.9999,0.000165789,0.3,10,64,medium,TRUE,8.64E-06,COMPLETE
486,486,289,45:46.2,01:26.8,0 days 00:15:40.557250,relu,16,0.1,0.000121437,0.99,0.995,2.69E-05,0.9,20,64,medium,TRUE,6.57E-07,PRUNED
269,269,288,56:57.8,05:35.4,0 days 00:08:37.628169,relu,32,0.1,1.56E-06,0.99,0.99,0.000119592,0.8,20,512,medium,TRUE,8.68E-06,PRUNED
135,135,286,56:48.1,58:20.3,0 days 00:01:32.252120,relu,256,0.3,2.37E-07,0.99,0.995,1.89E-05,0.7,20,2048,medium,TRUE,1.42E-06,PRUNED
447,447,286,55:32.7,00:39.6,0 days 00:05:06.933821,relu,64,0.3,2.22E-05,0.99,0.995,1.01E-05,0.9,20,512,medium,TRUE,3.91E-06,PRUNED
163,163,285,14:42.4,22:51.7,0 days 00:08:09.243547,relu,32,0.3,8.53E-07,0.99,0.995,4.48E-05,0.8,20,2048,medium,TRUE,4.32E-07,PRUNED
125,125,272,29:56.9,33:25.2,0 days 00:03:28.389337,relu,256,0.3,4.53E-07,0.99,0.99,2.23E-05,0.9,20,2048,medium,TRUE,8.31E-07,COMPLETE
99,99,259,51:20.9,01:36.8,0 days 00:10:15.983258,relu,64,0.3,2.28E-08,0.99,0.99,1.65E-05,0.9,20,2048,medium,TRUE,7.97E-06,COMPLETE
635,635,259,01:03.2,14:34.6,0 days 00:13:31.327945,relu,16,0.1,1.09E-05,0.99,0.99,1.00E-05,0.8,20,2048,medium,TRUE,3.16E-05,PRUNED
335,335,258,35:52.8,37:57.1,0 days 00:02:04.325635,relu,512,0.3,8.29E-07,0.99,0.995,5.89E-05,0.7,20,512,medium,TRUE,3.82E-05,COMPLETE
236,236,256,14:49.0,24:29.0,0 days 00:09:40.035213,relu,32,0.3,3.41E-07,0.99,0.99,0.000494248,0.5,20,256,medium,TRUE,4.46E-06,PRUNED
574,574,256,50:18.7,58:40.4,0 days 00:08:21.717751,relu,32,0.3,9.99E-08,0.95,0.99,2.06E-05,0.3,20,128,medium,TRUE,0.012043001,PRUNED
403,403,251,55:40.8,58:44.9,0 days 00:03:04.059121,relu,128,0.3,6.95E-07,0.99,0.98,2.79E-05,0.7,20,2048,medium,TRUE,3.57E-06,PRUNED
476,476,249,03:54.1,08:22.2,0 days 00:04:28.051460,relu,64,0.3,2.88E-07,0.99,0.99,1.79E-05,0.9,20,2048,medium,TRUE,3.53E-06,PRUNED
203,203,246,13:54.9,20:59.8,0 days 00:07:04.891894,relu,32,0.3,5.62E-07,0.99,0.995,1.01E-05,0.7,20,2048,medium,TRUE,2.15E-06,PRUNED
253,253,245,29:12.7,30:52.0,0 days 00:01:39.335397,tanh,256,0.3,0.027661412,0.95,0.999,1.52E-05,0.7,20,2048,medium,TRUE,4.25E-07,PRUNED
298,298,245,27:26.8,34:06.9,0 days 00:06:40.112170,tanh,32,0.1,1.99E-06,0.99,0.995,1.23E-05,0.5,20,2048,medium,FALSE,0.002524494,PRUNED
229,229,241,16:52.1,33:07.2,0 days 00:16:15.106898,tanh,32,0.3,1.54E-06,0.99,0.99,3.60E-05,0.7,20,1024,medium,TRUE,2.97E-07,COMPLETE
233,233,240,07:14.2,08:46.6,0 days 00:01:32.383073,relu,256,0.3,2.56E-07,0.99,0.995,1.28E-05,1,20,2048,medium,TRUE,1.00E-07,PRUNED
363,363,236,25:39.4,27:17.7,0 days 00:01:38.273252,relu,256,0.3,6.58E-07,0.98,0.995,0.00013992,1,20,1024,medium,TRUE,0.000264808,PRUNED
227,227,234,51:31.9,58:52.0,0 days 00:07:20.165932,relu,32,0.1,7.06E-07,0.99,0.995,1.24E-05,0.6,20,2048,medium,TRUE,5.21E-06,PRUNED
249,249,234,22:22.8,24:11.5,0 days 00:01:48.698673,tanh,256,0.1,1.41E-06,0.99,0.995,1.00E-05,0.5,20,2048,medium,TRUE,1.15E-06,PRUNED
206,206,233,45:51.7,52:47.5,0 days 00:06:55.761847,relu,32,0.3,1.58E-07,0.99,0.995,2.07E-05,0.8,20,2048,medium,TRUE,1.97E-06,PRUNED
430,430,233,36:21.1,37:34.2,0 days 00:01:13.135418,relu,512,0.2,4.06E-07,0.95,0.99,6.21E-05,0.9,20,2048,medium,TRUE,1.97E-05,PRUNED
431,431,233,37:34.2,39:18.0,0 days 00:01:43.801919,relu,256,0.1,5.50E-07,0.99,0.99,1.51E-05,0.7,20,256,medium,TRUE,7.81E-06,PRUNED
498,498,233,22:21.9,42:27.9,0 days 00:20:05.963182,tanh,32,0.2,6.93E-08,0.99,0.99,2.31E-05,0.8,20,2048,large,TRUE,1.04E-07,COMPLETE
82,82,231,36:01.0,43:05.8,0 days 00:07:04.794657,relu,128,0.2,1.29E-08,0.8,0.9999,8.59E-05,0.3,10,64,large,TRUE,0.000231711,COMPLETE
133,133,231,51:33.7,53:02.3,0 days 00:01:28.686002,relu,256,0.3,3.67E-07,0.99,0.99,1.01E-05,0.9,20,2048,medium,TRUE,2.08E-06,PRUNED
187,187,231,30:24.5,46:05.5,0 days 00:15:41.049756,tanh,32,0.1,1.15E-06,0.99,0.999,1.19E-05,0.6,20,1024,medium,TRUE,3.05E-07,COMPLETE
235,235,228,12:48.0,14:49.0,0 days 00:02:00.975843,relu,256,0.1,1.39E-07,0.99,0.995,1.01E-05,0.7,20,2048,medium,TRUE,1.57E-06,PRUNED
165,165,227,40:01.9,56:48.7,0 days 00:16:46.859041,relu,32,0.3,2.13E-07,0.99,0.995,1.28E-05,0.8,20,2048,medium,TRUE,3.39E-07,COMPLETE
564,564,226,55:07.3,56:09.3,0 days 00:01:02.062876,relu,32,0.3,1.67E-07,0.99,0.99,1.43E-05,0.3,1,1024,medium,TRUE,1.07E-05,PRUNED
583,583,225,25:44.4,33:38.3,0 days 00:07:53.951196,relu,32,0.1,3.21E-06,0.99,0.99,3.32E-05,0.7,20,2048,medium,TRUE,1.46E-05,PRUNED
237,237,221,24:29.0,28:24.7,0 days 00:03:55.645185,relu,256,0.3,8.57E-08,0.99,0.999,2.78E-05,0.9,20,2048,medium,TRUE,2.27E-06,COMPLETE
606,606,220,41:43.2,43:25.3,0 days 00:01:42.061169,relu,256,0.2,4.84E-06,0.99,0.995,5.18E-05,0.9,20,2048,medium,TRUE,2.55E-06,PRUNED
368,368,216,06:06.0,23:08.4,0 days 00:17:02.407057,relu,16,0.3,4.65E-07,0.99,0.99,2.92E-05,0.8,20,128,medium,TRUE,0.00015653,PRUNED
159,159,215,23:44.7,30:24.0,0 days 00:06:39.311338,relu,32,0.3,3.01E-07,0.99,0.995,2.40E-05,0.8,20,2048,medium,TRUE,6.15E-07,PRUNED
306,306,215,12:20.3,14:03.8,0 days 00:01:43.494938,relu,256,0.3,1.25E-06,0.99,0.995,0.000931742,0.9,20,2048,medium,TRUE,6.48E-06,PRUNED
284,284,214,06:31.2,46:11.0,0 days 00:39:39.777950,relu,8,0.1,2.11E-08,0.99,0.995,5.83E-05,0.6,20,512,medium,TRUE,3.17E-06,PRUNED
554,554,211,26:15.0,29:43.9,0 days 00:03:28.962170,relu,256,0.3,3.40E-08,0.99,0.995,1.66E-05,0.7,20,64,small,TRUE,1.51E-06,PRUNED
154,154,208,03:20.7,32:45.8,0 days 00:29:25.029681,relu,8,0.3,8.03E-07,0.99,0.95,1.82E-05,1,20,2048,medium,TRUE,5.00E-06,PRUNED
429,429,203,34:46.4,36:21.1,0 days 00:01:34.735684,relu,256,0.3,2.00E-07,0.99,0.99,0.000198057,2,20,1024,medium,TRUE,1.86E-06,PRUNED
365,365,201,42:47.3,44:50.6,0 days 00:02:03.274241,relu,512,0.3,1.08E-06,0.99,0.995,4.67E-05,0.7,20,256,medium,TRUE,6.13E-05,PRUNED
647,647,200,11:18.1,20:21.1,0 days 00:09:03.070124,relu,32,0.3,1.28E-08,0.99,0.99,3.90E-05,0.5,20,32,medium,TRUE,1.32E-06,PRUNED
212,212,198,28:48.4,30:21.3,0 days 00:01:32.925880,relu,256,0.3,6.76E-07,0.99,0.995,1.28E-05,0.7,20,2048,medium,TRUE,0.000771545,PRUNED
49,49,196,41:49.8,54:26.6,0 days 00:12:36.755519,relu,256,0.2,2.41E-08,0.8,0.999,1.03E-05,0.3,20,64,large,TRUE,0.001332598,COMPLETE
566,566,194,12:46.3,18:06.6,0 days 00:05:20.367533,relu,64,0.4,8.23E-08,0.99,0.995,3.39E-05,0.9,20,64,medium,TRUE,0.000782624,PRUNED
207,207,193,52:47.5,59:58.6,0 days 00:07:11.120988,relu,32,0.3,1.76E-06,0.99,0.99,2.60E-05,0.9,20,2048,medium,TRUE,1.51E-06,PRUNED
228,228,192,58:52.0,16:52.1,0 days 00:18:00.042008,relu,256,0.3,3.15E-07,0.99,0.995,4.95E-05,0.9,20,16,medium,TRUE,1.99E-06,PRUNED
123,123,190,24:51.6,26:26.0,0 days 00:01:34.352073,relu,256,0.3,3.51E-07,0.99,0.99,1.01E-05,0.9,20,2048,medium,TRUE,1.08E-06,PRUNED
399,399,184,39:26.8,42:57.2,0 days 00:03:30.393131,tanh,16,0.3,3.34E-07,0.99,0.99,0.000105128,0.9,5,2048,medium,TRUE,2.16E-06,PRUNED
485,485,183,41:14.1,45:46.2,0 days 00:04:32.136851,relu,256,0.3,0.001593566,0.99,0.99,1.38E-05,2,20,2048,large,TRUE,2.23E-07,COMPLETE
439,439,182,14:41.0,45:38.1,0 days 00:30:57.125572,relu,8,0.3,7.31E-07,0.99,0.9999,1.39E-05,5,20,2048,medium,TRUE,6.49E-05,PRUNED
141,141,180,14:20.4,15:55.1,0 days 00:01:34.733678,relu,256,0.3,1.07E-06,0.99,0.995,1.96E-05,0.7,20,2048,medium,TRUE,1.48E-06,PRUNED
285,285,178,46:11.0,12:30.5,0 days 01:26:19.544936,relu,8,0.1,1.68E-08,0.99,0.99,4.59E-05,0.6,20,512,medium,TRUE,2.44E-06,COMPLETE
152,152,170,58:13.5,59:51.3,0 days 00:01:37.843523,relu,256,0.3,6.16E-07,0.99,0.995,1.48E-05,0.7,20,2048,medium,TRUE,2.58E-06,PRUNED
39,39,165,06:53.9,14:23.1,0 days 00:07:29.169053,relu,128,0.2,1.76E-08,0.8,0.98,1.55E-05,0.3,10,64,large,TRUE,4.44E-05,COMPLETE
93,93,165,04:03.4,08:51.8,0 days 00:04:48.393177,relu,64,0.3,1.93E-08,0.92,0.99,4.01E-05,5,20,128,medium,TRUE,2.29E-05,PRUNED
500,500,165,44:24.4,50:50.5,0 days 00:06:26.058440,tanh,32,0.3,1.19E-07,0.99,0.99,1.37E-05,0.8,20,2048,medium,TRUE,1.00E-07,PRUNED
92,92,164,59:04.7,04:03.4,0 days 00:04:58.733471,relu,64,0.3,4.91E-08,0.92,0.99,8.73E-05,5,20,128,medium,TRUE,1.40E-05,PRUNED
369,369,163,23:08.4,30:37.1,0 days 00:07:28.698625,tanh,256,0.1,6.97E-07,0.95,0.995,6.16E-05,1,20,64,medium,TRUE,0.000172999,PRUNED
231,231,162,01:48.2,03:29.3,0 days 00:01:41.148274,relu,256,0.3,1.90E-07,0.99,0.995,2.00E-05,0.7,20,2048,medium,TRUE,1.45E-06,PRUNED
248,248,162,14:24.9,22:22.8,0 days 00:07:57.963440,relu,32,0.3,6.98E-08,0.98,0.995,1.24E-05,0.5,20,2048,medium,TRUE,6.66E-07,PRUNED
100,100,161,01:36.8,09:08.1,0 days 00:07:31.255514,tanh,64,0.3,7.27E-08,0.99,0.999,2.32E-05,0.9,20,2048,medium,TRUE,5.81E-06,PRUNED
91,91,156,53:23.2,59:04.7,0 days 00:05:41.507906,relu,64,0.3,2.57E-07,0.92,0.99,9.84E-05,5,20,128,medium,TRUE,3.95E-05,PRUNED
252,252,155,59:16.7,29:12.7,0 days 00:29:55.988319,relu,8,0.1,0.000658663,0.99,0.995,2.07E-05,0.5,20,1024,medium,TRUE,0.001793158,PRUNED
87,87,153,32:29.7,36:44.3,0 days 00:04:14.554354,relu,128,0.1,4.22E-08,0.8,0.999,1.65E-05,0.8,10,512,large,TRUE,1.16E-05,COMPLETE
28,28,152,17:53.4,19:33.1,0 days 00:01:39.678120,relu,512,0.2,5.19E-06,0.9,0.9999,0.000424037,0.9,10,1024,large,TRUE,1.99E-06,COMPLETE
37,37,152,54:13.1,59:45.4,0 days 00:05:32.290107,relu,128,0.2,2.33E-06,0.9,0.9999,6.49E-05,0.9,10,64,medium,TRUE,1.39E-05,COMPLETE
115,115,150,00:47.2,02:22.1,0 days 00:01:34.824365,relu,256,0.3,1.74E-07,0.99,0.99,1.03E-05,0.9,20,2048,medium,TRUE,1.82E-06,PRUNED
150,150,150,39:35.6,54:38.6,0 days 00:15:02.988024,relu,16,0.3,3.59E-07,0.95,0.995,1.96E-05,0.7,20,512,medium,TRUE,4.08E-06,PRUNED
290,290,150,24:27.0,32:36.3,0 days 00:08:09.326044,relu,32,0.4,3.79E-07,0.99,0.99,4.52E-05,0.9,20,32,medium,TRUE,1.89E-06,PRUNED
110,110,145,45:31.1,47:19.0,0 days 00:01:47.887193,relu,256,0.3,9.78E-08,0.99,0.99,1.84E-05,0.9,20,2048,medium,TRUE,1.19E-06,PRUNED
455,455,144,21:33.9,23:18.7,0 days 00:01:44.780221,relu,256,0.3,1.18E-07,0.99,0.99,1.25E-05,0.9,20,2048,medium,TRUE,0.062205575,PRUNED
477,477,144,08:22.2,15:24.1,0 days 00:07:01.952412,relu,32,0.1,0.000180502,1,0.995,1.51E-05,0.7,20,2048,medium,TRUE,1.46E-06,PRUNED
88,88,143,36:44.3,41:19.5,0 days 00:04:35.227507,tanh,32,0.2,1.12E-08,0.8,0.99,5.33E-05,0.5,10,64,large,TRUE,1.61E-05,PRUNED
323,323,142,14:41.3,22:27.1,0 days 00:07:45.817330,tanh,32,0.1,1.56E-07,0.99,0.995,9.90E-05,0.8,20,32,medium,TRUE,5.85E-07,PRUNED
423,423,142,43:38.9,13:19.7,0 days 00:29:40.843716,tanh,8,0.3,6.26E-08,0.98,0.99,4.55E-05,0.7,20,1024,large,TRUE,0.019435693,PRUNED
459,459,142,59:47.7,22:15.9,0 days 01:22:28.136860,relu,8,0.3,8.21E-07,0.99,0.99,2.35E-05,0.7,20,2048,medium,TRUE,3.27E-07,COMPLETE
557,557,142,40:13.7,48:49.3,0 days 00:08:35.601163,relu,32,0.3,9.67E-08,0.99,0.995,2.88E-05,0.5,20,32,medium,TRUE,0.00013386,PRUNED
570,570,142,40:47.1,42:34.7,0 days 00:01:47.566182,relu,256,0.3,0.0024215,0.99,0.9,2.70E-05,0.7,20,256,medium,FALSE,0.005984398,PRUNED
3,3,141,25:21.0,33:36.2,0 days 00:08:15.141628,tanh,16,0.4,5.76E-05,0.95,0.995,3.72E-05,0.9,5,64,large,FALSE,0.691514428,COMPLETE
384,384,141,00:25.8,09:51.6,0 days 00:09:25.761598,tanh,32,0.1,2.13E-06,0.99,0.99,5.29E-05,0.6,20,64,large,TRUE,1.38E-05,PRUNED
409,409,141,46:32.3,51:46.0,0 days 00:05:13.709240,relu,128,0.3,7.26E-08,0.99,0.99,2.51E-05,0.7,20,64,medium,TRUE,5.06E-06,PRUNED
79,79,140,15:58.5,23:11.1,0 days 00:07:12.554418,relu,128,0.2,3.16E-08,0.8,0.995,2.77E-05,5,20,64,large,TRUE,2.00E-05,PRUNED
61,61,139,43:50.6,50:21.1,0 days 00:06:30.575955,relu,64,0.3,3.71E-08,0.92,0.99,3.21E-05,5,20,128,large,TRUE,2.63E-05,PRUNED
45,45,137,54:39.1,07:33.7,0 days 00:12:54.595338,relu,128,0.2,1.20E-08,0.8,0.999,1.99E-05,0.3,20,64,large,TRUE,0.000203952,COMPLETE
241,241,136,49:02.3,50:31.2,0 days 00:01:28.949837,relu,256,0.3,4.67E-08,0.99,0.99,3.42E-05,0.9,20,2048,medium,TRUE,1.08E-05,PRUNED
286,286,136,12:30.5,34:57.8,0 days 00:22:27.271474,relu,8,0.1,5.06E-08,0.99,0.98,2.78E-05,0.8,20,512,small,TRUE,4.32E-06,PRUNED
600,600,135,02:18.2,03:54.4,0 days 00:01:36.210746,relu,512,0.3,4.38E-08,0.99,0.99,1.21E-05,5,20,256,medium,TRUE,5.60E-07,PRUNED
605,605,134,28:51.6,41:43.2,0 days 00:12:51.645169,relu,16,0.3,1.18E-07,0.99,0.99,1.00E-05,0.3,20,1024,medium,TRUE,2.92E-07,PRUNED
62,62,126,50:21.1,53:53.7,0 days 02:03:32.573053,relu,8,0.3,4.14E-08,0.92,0.99,2.77E-05,5,20,32,large,TRUE,2.22E-05,COMPLETE
191,191,126,43:04.7,50:53.2,0 days 00:07:48.551563,tanh,32,0.1,8.07E-07,0.99,0.995,0.000301452,0.6,20,512,medium,TRUE,1.20E-06,PRUNED
83,83,122,43:05.8,49:53.6,0 days 00:06:47.791132,relu,128,0.2,2.44E-08,0.8,0.9999,2.10E-05,0.3,10,64,large,TRUE,6.40E-05,COMPLETE
40,40,121,14:23.1,21:27.8,0 days 00:07:04.728348,relu,128,0.2,4.96E-08,0.8,0.9999,2.35E-05,0.3,10,64,large,TRUE,0.000102689,COMPLETE
144,144,121,21:25.3,23:43.4,0 days 00:02:18.073110,relu,512,0.3,4.22E-07,0.99,0.995,1.81E-05,0.7,20,2048,medium,TRUE,3.52E-06,COMPLETE
264,264,121,05:14.8,13:02.8,0 days 00:07:48.016243,relu,32,0.1,1.81E-06,0.99,0.99,1.23E-05,0.8,20,512,medium,TRUE,3.78E-06,PRUNED
633,633,121,45:51.9,49:22.2,0 days 00:03:30.297951,tanh,128,0.4,1.30E-07,0.95,0.999,0.000141693,0.9,20,2048,medium,TRUE,5.44E-06,PRUNED
22,22,120,59:37.8,01:56.2,0 days 00:02:18.395033,tanh,16,0.1,7.33E-05,0.9,0.995,0.000185415,0.6,1,16,large,FALSE,4.92E-07,COMPLETE
73,73,119,35:14.6,38:36.2,0 days 00:03:21.542289,relu,128,0.2,2.57E-08,0.8,0.9999,2.47E-05,0.3,10,64,large,TRUE,0.000132045,PRUNED
428,428,117,59:28.8,34:46.3,0 days 00:35:17.552263,relu,8,0.3,8.79E-07,0.99,0.999,2.24E-05,0.7,20,16,medium,TRUE,0.000992592,PRUNED
127,127,116,36:53.8,38:31.0,0 days 00:01:37.212686,relu,256,0.3,7.04E-07,0.99,0.99,2.58E-05,0.9,20,2048,medium,TRUE,1.36E-06,PRUNED
615,615,108,14:34.7,21:58.9,0 days 00:07:24.130763,relu,32,0.3,1.54E-07,0.99,0.995,7.60E-05,0.5,20,2048,medium,TRUE,6.95E-07,PRUNED
275,275,107,32:58.7,40:35.9,0 days 00:07:37.228951,relu,32,0.3,0.000183286,0.99,0.99,1.59E-05,0.8,20,128,medium,TRUE,2.11E-06,PRUNED
280,280,107,19:56.4,21:36.7,0 days 00:01:40.290220,relu,256,0.3,1.02E-08,0.99,0.99,1.76E-05,0.3,20,1024,medium,TRUE,0.00032251,PRUNED
581,581,107,14:25.0,22:44.6,0 days 00:08:19.692123,tanh,256,0.3,6.36E-07,0.99,0.98,0.000290672,0.9,20,64,medium,TRUE,6.39E-06,PRUNED
42,42,106,28:37.2,35:06.2,0 days 00:06:29.020518,relu,128,0.2,2.68E-08,0.8,0.9999,5.14E-05,0.3,10,64,large,TRUE,4.48E-05,COMPLETE
48,48,106,32:02.0,41:49.8,0 days 00:09:47.811449,relu,256,0.2,1.10E-07,0.8,0.999,3.71E-05,0.3,20,64,medium,TRUE,0.000100826,COMPLETE
355,355,106,29:23.4,37:08.7,0 days 00:07:45.302940,relu,32,0.3,6.51E-05,0.99,0.999,4.19E-05,0.5,20,512,medium,TRUE,2.01E-07,PRUNED
418,418,105,18:53.7,19:46.8,0 days 00:00:53.060419,relu,128,0.4,1.40E-08,0.99,0.99,0.000261958,0.7,1,2048,medium,TRUE,0.002520551,PRUNED
541,541,105,52:01.3,53:41.3,0 days 00:01:40.018144,relu,256,0.3,2.65E-07,0.98,0.99,2.10E-05,0.9,20,2048,medium,TRUE,3.50E-07,PRUNED
645,645,105,07:19.5,08:09.7,0 days 00:00:50.165172,relu,256,0.1,1.60E-07,0.99,0.99,1.26E-05,0.3,5,2048,medium,TRUE,1.62E-05,PRUNED
65,65,103,46:56.6,48:47.7,0 days 00:01:51.045011,relu,256,0.2,1.47E-07,0.92,0.999,0.000129216,2,1,64,large,TRUE,0.000249487,COMPLETE
287,287,103,34:57.8,31:51.0,0 days 00:56:53.238175,relu,8,0.1,2.63E-08,0.9,0.995,0.000268458,0.6,20,512,medium,TRUE,9.07E-05,PRUNED
356,356,103,37:08.7,17:54.0,0 days 00:40:45.345844,relu,32,0.1,1.90E-07,0.8,0.995,3.06E-05,0.9,20,8,medium,FALSE,6.57E-06,PRUNED
377,377,103,40:41.3,02:52.0,0 days 02:22:10.694178,relu,8,0.3,1.31E-07,0.99,0.99,0.000154186,0.8,20,1024,medium,TRUE,0.007943575,COMPLETE
60,60,102,37:41.9,43:50.6,0 days 00:06:08.684665,relu,64,0.3,6.83E-08,0.92,0.99,1.02E-05,0.7,20,128,large,TRUE,0.000164311,PRUNED
84,84,102,49:53.6,00:10.2,0 days 00:10:16.566872,relu,16,0.2,5.92E-08,0.8,0.9999,1.25E-05,0.3,10,64,large,TRUE,2.85E-05,PRUNED
361,361,102,45:25.0,16:59.7,0 days 00:31:34.667422,relu,8,0.2,2.15E-08,0.99,0.99,2.32E-05,1,20,2048,medium,TRUE,2.42E-07,PRUNED
420,420,102,22:16.2,30:44.9,0 days 00:08:28.673071,relu,128,0.3,8.24E-08,0.8,0.99,7.31E-05,0.6,20,32,medium,TRUE,1.78E-06,PRUNED
473,473,102,14:56.8,16:00.5,0 days 00:01:03.623306,relu,256,0.3,7.40E-07,0.99,0.99,2.48E-05,0.8,5,512,large,TRUE,9.64E-06,PRUNED
544,544,102,13:45.3,18:09.5,0 days 00:04:24.291175,relu,32,0.3,4.89E-08,0.92,0.995,1.45E-05,0.3,10,256,medium,TRUE,0.009821378,PRUNED
643,643,102,52:39.4,00:53.5,0 days 00:08:14.078320,relu,32,0.3,0.000252127,0.99,0.95,2.57E-05,0.7,20,64,medium,TRUE,0.000781119,PRUNED
326,326,100,32:02.7,36:08.8,0 days 00:04:06.120659,relu,32,0.1,5.03E-07,0.99,0.995,4.84E-05,2,5,16,medium,TRUE,3.15E-07,PRUNED
648,648,97,20:21.1,22:28.0,0 days 00:02:06.882575,tanh,256,0.3,5.33E-05,0.99,0.999,1.85E-05,0.7,20,2048,medium,TRUE,0.113173946,PRUNED
561,561,89,04:46.1,43:57.6,0 days 00:39:11.510092,relu,32,0.3,6.18E-08,0.99,0.95,1.98E-05,0.7,20,8,medium,TRUE,0.007256427,PRUNED
69,69,88,05:19.4,17:21.8,0 days 00:12:02.366748,relu,64,0.2,2.10E-07,0.95,0.99,4.16E-05,0.5,10,16,large,TRUE,1.60E-05,PRUNED
132,132,88,48:14.3,51:33.6,0 days 00:03:19.316729,relu,256,0.3,2.81E-07,0.99,0.99,1.40E-05,0.9,20,2048,medium,TRUE,5.86E-06,COMPLETE
157,157,88,53:54.1,05:29.8,0 days 00:11:35.674340,relu,32,0.3,9.17E-08,0.99,0.995,1.25E-05,0.8,20,256,small,TRUE,6.80E-07,COMPLETE
177,177,88,23:13.8,38:57.3,0 days 00:15:43.510847,tanh,32,0.1,3.93E-07,0.95,0.995,2.85E-05,0.5,20,1024,medium,TRUE,3.30E-07,COMPLETE
179,179,88,55:46.8,01:50.9,0 days 00:06:04.106418,tanh,32,0.1,5.41E-07,0.99,0.995,6.75E-05,0.8,20,32,small,TRUE,5.34E-07,PRUNED
456,456,88,23:18.7,40:46.9,0 days 00:17:28.240988,relu,32,0.1,1.90E-08,0.99,0.995,3.38E-05,0.7,20,16,medium,TRUE,0.000126455,PRUNED
616,616,88,21:58.9,29:50.1,0 days 00:07:51.235399,relu,256,0.1,1.05E-06,0.99,0.99,1.29E-05,0.7,20,32,medium,TRUE,4.22E-06,PRUNED
627,627,88,34:38.1,40:41.9,0 days 00:06:03.776942,relu,256,0.1,1.96E-07,0.99,0.9,4.48E-05,0.7,20,64,medium,TRUE,2.01E-07,PRUNED
15,15,87,39:59.2,43:17.6,0 days 00:03:18.419997,tanh,32,0.1,1.61E-05,0.9,0.95,0.000149442,0.6,5,256,small,TRUE,4.40E-06,COMPLETE
23,23,87,01:56.2,08:39.8,0 days 00:06:43.505149,tanh,16,0.1,4.59E-05,0.9,0.995,0.000249507,0.6,5,16,medium,TRUE,6.57E-06,COMPLETE
46,46,87,07:33.7,18:39.3,0 days 00:11:05.598415,relu,128,0.3,5.49E-08,0.8,0.999,1.40E-05,0.3,20,32,large,TRUE,0.000321685,PRUNED
51,51,87,50:08.0,44:00.5,0 days 00:53:52.558318,relu,8,0.2,1.62E-08,0.8,0.999,3.52E-05,0.3,20,64,large,TRUE,6.94E-05,PRUNED
64,64,87,43:45.4,46:56.6,0 days 00:03:11.194313,relu,64,0.2,9.03E-08,0.98,0.99,3.95E-05,5,10,512,large,TRUE,9.89E-06,PRUNED
77,77,87,12:19.9,13:43.8,0 days 00:01:23.896899,relu,256,0.2,4.14E-08,0.8,0.9999,4.76E-05,2,10,128,small,TRUE,3.58E-05,PRUNED
78,78,87,13:43.8,15:58.5,0 days 00:02:14.756859,relu,128,0.3,1.09E-08,0.98,0.9999,1.71E-05,0.3,5,64,large,TRUE,0.000133207,PRUNED
86,86,87,25:53.9,32:29.7,0 days 00:06:35.850842,relu,256,0.2,1.80E-08,0.8,0.98,3.18E-05,1,20,64,large,TRUE,0.000117876,PRUNED
238,238,87,28:24.7,46:34.1,0 days 00:18:09.462308,relu,32,0.4,1.05E-06,0.99,0.995,1.99E-05,0.7,20,1024,medium,TRUE,0.000254953,COMPLETE
254,254,87,30:52.0,33:27.1,0 days 00:02:35.132211,relu,128,0.3,2.49E-06,0.99,0.995,1.23E-05,0.8,20,2048,medium,TRUE,1.86E-06,PRUNED
266,266,87,19:57.8,33:25.8,0 days 00:13:27.990328,tanh,32,0.1,1.20E-06,0.99,0.995,1.45E-05,0.8,20,16,medium,TRUE,5.50E-06,PRUNED
324,324,87,22:27.1,23:58.2,0 days 00:01:31.114684,relu,256,0.2,7.03E-07,0.99,0.95,0.000597122,0.6,20,1024,medium,TRUE,2.49E-06,PRUNED
333,333,87,21:07.9,23:07.2,0 days 00:01:59.300619,tanh,256,0.3,3.14E-07,0.99,0.995,2.42E-05,0.6,20,256,medium,TRUE,1.44E-06,PRUNED
404,404,87,58:44.9,26:54.9,0 days 00:28:09.955749,tanh,8,0.1,0.00847247,0.8,0.995,2.15E-05,0.3,20,128,medium,TRUE,4.86E-07,PRUNED
522,522,87,54:57.4,03:38.7,0 days 00:08:41.344774,tanh,128,0.3,3.63E-08,0.99,0.99,0.000399235,0.8,20,2048,medium,TRUE,0.000138126,COMPLETE
565,565,87,56:09.3,12:46.3,0 days 00:16:36.946405,relu,256,0.3,4.18E-08,1,0.9999,1.05E-05,2,20,16,medium,TRUE,3.12E-05,PRUNED
595,595,87,05:15.4,21:12.7,0 days 00:15:57.252050,tanh,256,0.1,9.56E-07,0.99,0.99,2.36E-05,0.3,20,16,medium,TRUE,7.64E-06,PRUNED
596,596,87,21:12.7,26:49.7,0 days 00:05:37.004879,relu,32,0.3,2.59E-05,0.99,0.995,1.42E-05,0.5,5,1024,medium,TRUE,0.002146377,COMPLETE
464,464,86,44:59.8,47:11.4,0 days 00:02:11.617710,relu,128,0.3,1.42E-07,0.99,0.99,0.000126703,0.3,20,2048,small,TRUE,2.84E-06,PRUNED
590,590,86,28:02.1,45:39.6,0 days 01:17:37.503374,relu,32,0.3,0.000911003,0.99,0.995,1.19E-05,0.9,20,8,medium,TRUE,0.00052993,COMPLETE
406,406,84,29:37.8,31:12.1,0 days 00:01:34.356450,relu,256,0.1,2.50E-07,0.9,0.995,5.23E-05,0.6,20,2048,medium,TRUE,7.65E-07,PRUNED
397,397,81,34:02.4,35:51.8,0 days 00:01:49.428285,relu,128,0.3,9.42E-05,0.99,0.999,3.96E-05,0.9,10,2048,medium,TRUE,3.14E-06,PRUNED
445,445,81,48:54.0,50:48.4,0 days 00:01:54.325409,tanh,256,0.3,5.24E-08,0.99,0.995,2.10E-05,0.9,20,2048,medium,TRUE,1.36E-06,PRUNED
449,449,75,02:28.8,30:24.1,0 days 00:27:55.319212,tanh,8,0.3,7.38E-08,0.99,0.99,2.80E-05,0.5,20,32,medium,TRUE,9.98E-07,PRUNED
9,9,72,25:46.4,28:06.6,0 days 00:02:20.154914,tanh,16,0.1,0.001153873,0.92,0.995,8.02E-05,0.6,1,128,large,FALSE,1.50E-07,COMPLETE
11,11,72,29:49.9,32:01.8,0 days 00:02:11.949706,tanh,16,0.1,0.00102061,0.92,0.995,6.59E-05,0.6,1,128,large,FALSE,1.05E-07,COMPLETE
12,12,72,32:01.8,34:12.0,0 days 00:02:10.146552,tanh,16,0.1,0.001253106,0.92,0.995,5.03E-05,0.6,1,128,large,FALSE,1.86E-05,COMPLETE
13,13,72,34:12.0,36:23.5,0 days 00:02:11.572010,tanh,16,0.4,0.000198523,0.92,0.995,1.02E-05,0.9,1,128,large,FALSE,0.000597146,COMPLETE
14,14,72,36:23.5,39:59.2,0 days 00:03:35.660368,tanh,8,0.1,0.005558926,0.95,0.9999,0.000115908,1,1,64,large,FALSE,1.67E-07,COMPLETE
32,32,72,28:39.3,35:35.7,0 days 00:06:56.413556,relu,128,0.2,6.24E-06,0.9,0.9999,0.000367061,0.9,10,64,large,TRUE,1.60E-06,COMPLETE
66,66,72,48:47.7,50:05.0,0 days 00:01:17.325644,relu,128,0.3,5.73E-08,0.99,0.99,2.70E-05,5,10,128,small,TRUE,3.41E-05,PRUNED
67,67,72,50:05.0,58:31.1,0 days 00:08:26.089171,relu,128,0.2,1.67E-08,0.92,0.98,7.80E-05,1,20,2048,large,TRUE,8.45E-05,COMPLETE
85,85,72,00:10.2,25:53.9,0 days 00:25:43.694128,relu,128,0.2,1.11E-07,0.95,0.9999,4.50E-05,0.3,10,8,large,TRUE,4.62E-05,PRUNED
97,97,72,36:25.9,40:42.0,0 days 00:04:16.127510,relu,64,0.3,2.70E-08,0.99,0.99,1.00E-05,0.9,20,2048,medium,FALSE,4.23E-06,PRUNED
167,167,72,16:54.0,24:52.4,0 days 00:07:58.468562,relu,32,0.1,1.04E-06,1,0.995,2.64E-05,0.8,20,2048,medium,TRUE,2.17E-07,PRUNED
180,180,72,01:50.9,02:50.3,0 days 00:00:59.351781,tanh,512,0.4,2.75E-07,0.99,0.995,1.58E-05,0.5,20,1024,medium,TRUE,2.09E-07,PRUNED
192,192,72,50:53.2,57:10.4,0 days 00:06:17.202530,tanh,32,0.3,4.95E-07,0.99,0.95,1.01E-05,1,20,1024,medium,TRUE,8.58E-07,PRUNED
194,194,72,08:04.0,44:17.9,0 days 00:36:13.971699,relu,8,0.1,1.10E-06,0.99,0.995,1.50E-05,0.5,20,16,medium,TRUE,1.27E-06,PRUNED
204,204,72,20:59.8,28:30.2,0 days 00:07:30.404152,relu,32,0.3,2.54E-07,0.99,0.995,1.79E-05,0.7,20,2048,medium,TRUE,0.004504534,PRUNED
205,205,72,28:30.2,45:51.7,0 days 00:17:21.457362,relu,32,0.3,9.35E-08,0.99,0.995,1.40E-05,0.7,20,2048,medium,TRUE,3.86E-06,COMPLETE
216,216,72,01:38.5,09:47.6,0 days 00:08:09.046665,relu,32,0.3,5.74E-07,0.99,0.99,3.25E-05,0.5,20,32,medium,TRUE,3.41E-07,PRUNED
226,226,72,49:47.2,51:31.9,0 days 00:01:44.618303,tanh,256,0.3,4.02E-06,0.99,0.99,1.88E-05,0.8,20,512,medium,TRUE,9.47E-07,PRUNED
239,239,72,46:34.1,48:10.2,0 days 00:01:36.092691,tanh,256,0.3,1.89E-07,1,0.9,1.44E-05,0.9,20,2048,medium,TRUE,8.77E-07,PRUNED
261,261,72,41:12.6,47:35.2,0 days 00:06:22.632883,tanh,32,0.3,5.29E-07,0.9,0.95,1.01E-05,0.7,20,2048,medium,TRUE,3.33E-07,PRUNED
268,268,72,49:34.4,56:57.8,0 days 00:07:23.395871,relu,32,0.1,7.64E-07,0.99,0.99,1.23E-05,0.8,20,512,medium,TRUE,4.52E-06,PRUNED
277,277,72,48:33.5,50:07.2,0 days 00:01:33.719473,relu,256,0.3,2.25E-07,0.99,0.9,0.000543453,0.9,20,1024,medium,TRUE,1.62E-05,PRUNED
288,288,72,31:51.1,06:12.7,0 days 00:34:21.658614,relu,8,0.1,1.15E-07,0.99,0.95,3.86E-05,0.6,20,1024,medium,TRUE,0.000126601,PRUNED
299,299,72,34:06.9,35:44.3,0 days 00:01:37.397377,relu,256,0.3,8.09E-08,1,0.99,6.96E-05,1,20,256,medium,TRUE,4.10E-06,PRUNED
307,307,72,14:03.8,20:02.2,0 days 00:05:58.410592,tanh,32,0.1,4.53E-08,0.92,0.99,2.89E-05,0.6,20,512,small,TRUE,1.80E-06,PRUNED
321,321,72,24:26.2,29:30.3,0 days 00:05:04.165330,relu,256,0.1,5.56E-08,0.99,0.995,1.34E-05,0.7,20,64,medium,TRUE,1.28E-06,PRUNED
330,330,72,41:47.8,46:32.4,0 days 00:04:44.624183,relu,64,0.3,9.75E-08,0.99,0.995,1.01E-05,0.7,20,2048,medium,TRUE,0.00064315,PRUNED
341,341,72,27:25.1,44:18.9,0 days 00:16:53.758190,relu,16,0.3,7.00E-08,0.99,0.995,8.35E-05,0.3,20,2048,medium,TRUE,8.73E-06,PRUNED
342,342,72,44:18.9,45:10.9,0 days 00:00:52.018198,relu,32,0.1,1.08E-06,0.99,0.98,0.000206794,0.9,1,512,medium,TRUE,1.97E-06,PRUNED
343,343,72,45:10.9,46:41.7,0 days 00:01:30.807052,relu,256,0.3,2.02E-08,0.99,0.995,1.91E-05,0.6,20,1024,medium,TRUE,1.29E-05,PRUNED
357,357,72,17:54.0,19:23.0,0 days 00:01:29.003662,relu,256,0.3,3.89E-07,0.99,0.99,1.44E-05,0.7,20,1024,medium,TRUE,4.00E-06,PRUNED
382,382,72,37:01.4,53:35.4,0 days 00:16:33.972742,tanh,32,0.1,7.76E-07,0.99,0.99,3.90E-05,0.6,20,1024,medium,TRUE,8.70E-06,COMPLETE
385,385,72,09:51.6,17:33.5,0 days 00:07:41.959917,tanh,32,0.1,3.41E-07,0.99,0.99,1.49E-05,0.6,20,32,medium,TRUE,1.82E-05,PRUNED
401,401,72,46:02.3,48:50.6,0 days 00:02:48.302922,relu,128,0.1,1.80E-07,0.99,0.995,4.69E-05,0.9,20,2048,medium,TRUE,1.57E-06,PRUNED
405,405,72,26:54.9,29:37.8,0 days 00:02:42.897577,relu,128,0.3,3.47E-05,0.99,0.95,3.55E-05,0.9,20,1024,medium,TRUE,2.27E-06,PRUNED
427,427,72,52:42.0,59:28.8,0 days 00:06:46.775801,tanh,64,0.3,1.57E-07,0.99,0.9,0.00050801,0.6,20,2048,medium,TRUE,5.31E-06,PRUNED
435,435,72,42:10.2,03:07.2,0 days 00:20:57.043050,relu,16,0.3,2.38E-08,0.9,0.99,1.75E-05,0.7,20,2048,large,TRUE,0.000586264,PRUNED
436,436,72,03:07.2,04:43.0,0 days 00:01:35.809874,tanh,256,0.4,1.04E-05,0.99,0.99,0.000604355,0.9,20,1024,medium,TRUE,0.004564695,PRUNED
442,442,72,48:28.0,50:05.6,0 days 00:01:37.510137,relu,256,0.1,5.18E-07,0.99,0.999,0.000306298,0.9,20,2048,medium,TRUE,2.62E-06,PRUNED
457,457,72,40:46.9,55:39.0,0 days 00:14:52.104156,relu,16,0.2,2.20E-07,0.99,0.99,1.77E-05,2,20,2048,medium,TRUE,9.67E-06,PRUNED
488,488,72,06:59.9,08:40.3,0 days 00:01:40.462306,tanh,256,0.3,1.70E-07,0.95,0.995,7.14E-05,0.7,20,1024,medium,TRUE,1.65E-05,PRUNED
489,489,72,08:40.3,28:53.9,0 days 00:20:13.572459,relu,32,0.1,5.20E-07,0.99,0.99,0.000128016,0.9,20,16,medium,TRUE,1.87E-06,PRUNED
512,512,72,04:03.0,12:28.7,0 days 00:08:25.625828,tanh,32,0.3,7.67E-08,0.99,0.99,2.27E-05,0.7,20,2048,large,FALSE,3.88E-07,PRUNED
514,514,72,14:23.1,21:16.9,0 days 00:06:53.723232,tanh,64,0.3,1.98E-07,0.92,0.99,1.46E-05,0.9,20,2048,medium,TRUE,0.957195373,PRUNED
523,523,72,03:38.7,06:11.0,0 days 00:02:32.274552,relu,32,0.3,1.04E-08,0.99,0.99,0.000109601,0.9,5,2048,medium,TRUE,0.00160235,PRUNED
534,534,72,10:34.3,13:26.4,0 days 00:02:52.113150,relu,128,0.3,5.28E-08,0.99,0.95,1.67E-05,0.7,20,2048,medium,TRUE,1.46E-07,PRUNED
543,543,72,12:04.6,13:45.3,0 days 00:01:40.645306,relu,256,0.3,7.33E-08,0.92,0.995,1.25E-05,0.3,20,2048,medium,TRUE,0.001063056,PRUNED
556,556,72,38:34.3,40:13.7,0 days 00:01:39.336345,relu,256,0.3,2.88E-08,0.92,0.995,7.17E-05,0.3,20,2048,medium,TRUE,0.000206364,PRUNED
558,558,72,48:49.3,57:14.2,0 days 00:08:24.919964,relu,32,0.3,1.37E-07,0.99,0.98,0.000161001,0.7,20,2048,medium,TRUE,5.04E-06,PRUNED
592,592,72,47:25.4,55:51.7,0 days 00:08:26.285979,tanh,64,0.3,4.95E-07,0.8,0.995,2.82E-05,0.8,20,2048,medium,TRUE,4.36E-05,PRUNED
599,599,72,53:44.1,02:18.2,0 days 00:08:34.055584,tanh,32,0.3,0.005957759,0.98,0.9,1.72E-05,0.7,20,2048,large,TRUE,0.193604953,PRUNED
619,619,72,30:27.8,32:30.0,0 days 00:02:02.228110,relu,128,0.2,6.78E-08,0.99,0.995,2.84E-05,0.9,20,2048,small,TRUE,0.00103744,PRUNED
644,644,72,00:53.5,07:19.5,0 days 00:06:26.050586,tanh,32,0.3,9.33E-08,0.9,0.995,0.000111346,0.9,20,1024,medium,TRUE,3.07E-07,PRUNED
21,21,71,54:48.7,59:37.8,0 days 00:04:49.139170,tanh,32,0.1,0.000263799,0.99,0.99,0.000103512,0.6,10,32,large,FALSE,6.24E-07,PRUNED
256,256,71,42:17.6,43:01.1,0 days 00:00:43.464871,relu,256,0.1,5.64E-06,0.99,0.995,1.82E-05,0.5,5,2048,medium,TRUE,0.108888589,PRUNED
259,259,71,56:49.2,04:44.2,0 days 00:07:55.043912,relu,256,0.1,9.40E-08,0.99,0.995,2.31E-05,0.7,20,32,medium,TRUE,1.16E-06,PRUNED
338,338,71,46:56.1,53:53.7,0 days 00:06:57.687286,tanh,32,0.3,2.22E-06,0.99,0.995,3.44E-05,0.5,20,64,medium,TRUE,3.76E-06,PRUNED
412,412,71,59:56.7,02:36.8,0 days 00:02:40.075149,relu,128,0.3,5.34E-08,0.99,0.99,1.68E-05,0.7,20,1024,medium,TRUE,4.12E-06,PRUNED
481,481,71,25:43.6,27:14.1,0 days 00:01:30.510939,relu,256,0.3,2.72E-08,0.99,0.99,2.08E-05,0.3,20,2048,medium,TRUE,6.74E-06,PRUNED
68,68,70,58:31.1,05:19.4,0 days 00:06:48.339222,relu,128,0.4,3.58E-08,1,0.999,2.04E-05,0.8,10,64,large,TRUE,0.000415406,COMPLETE
400,400,70,42:57.2,46:02.3,0 days 00:03:05.148523,relu,128,0.3,5.56E-07,0.95,0.995,8.78E-05,0.9,20,2048,medium,TRUE,9.86E-07,PRUNED
493,493,70,44:01.7,50:22.5,0 days 00:06:20.735004,tanh,32,0.3,2.67E-07,0.99,0.99,0.001217695,0.8,20,2048,medium,FALSE,1.36E-07,PRUNED
200,200,69,45:54.8,53:02.1,0 days 00:07:07.324308,relu,32,0.1,4.02E-07,1,0.999,2.36E-05,0.9,20,2048,medium,TRUE,3.58E-07,PRUNED
480,480,69,24:38.8,25:43.6,0 days 00:01:04.805563,relu,512,0.1,6.65E-06,0.98,0.995,3.21E-05,0.9,20,1024,medium,TRUE,2.27E-06,PRUNED
80,80,63,23:11.1,29:12.6,0 days 00:06:01.526390,relu,128,0.4,9.16E-07,0.92,0.999,7.01E-05,0.3,10,32,large,FALSE,7.78E-05,PRUNED
327,327,56,36:08.8,33:45.5,0 days 00:57:36.759308,relu,256,0.3,1.77E-06,0.8,0.999,0.000407053,0.8,20,8,medium,TRUE,2.13E-05,PRUNED
17,17,54,44:55.6,46:34.5,0 days 00:01:38.952142,tanh,32,0.3,1.67E-05,0.9,0.95,0.000234536,0.5,5,256,small,TRUE,0.000671223,PRUNED
18,18,54,46:34.5,47:25.2,0 days 00:00:50.707698,relu,128,0.4,0.000103612,0.98,0.9,0.000604725,2,5,512,small,TRUE,5.69E-05,PRUNED
25,25,54,13:07.0,14:55.1,0 days 00:01:48.159955,tanh,16,0.4,0.000195493,0.9,0.995,0.000164164,0.9,1,256,small,FALSE,0.000164718,COMPLETE
53,53,54,46:09.4,52:51.5,0 days 00:06:42.134702,relu,128,0.2,1.01E-08,0.8,0.98,2.15E-05,1,20,64,large,TRUE,9.10E-05,PRUNED
55,55,54,54:49.2,01:52.5,0 days 00:07:03.227107,relu,128,0.2,2.41E-08,0.8,0.999,1.45E-05,0.8,20,64,large,TRUE,3.04E-05,PRUNED
75,75,54,40:51.6,06:16.4,0 days 00:25:24.775388,relu,8,0.2,8.50E-08,0.8,0.95,3.43E-05,0.3,10,64,large,TRUE,6.59E-05,PRUNED
149,149,54,03:31.5,39:35.6,0 days 00:36:04.109461,relu,8,0.3,1.25E-06,0.99,0.995,3.84E-05,0.7,20,8,medium,TRUE,6.81E-06,PRUNED
376,376,54,31:49.9,40:41.3,0 days 00:08:51.375818,relu,32,0.3,5.43E-07,0.9,0.995,1.00E-05,0.7,20,512,medium,TRUE,1.68E-07,PRUNED
518,518,54,30:26.5,34:17.4,0 days 00:03:50.865109,tanh,256,0.3,0.000441826,0.95,0.95,2.06E-05,0.9,20,128,medium,TRUE,1.09E-06,PRUNED
531,531,54,55:07.0,01:13.1,0 days 00:06:06.099960,relu,256,0.3,7.37E-05,0.99,0.98,1.19E-05,0.5,20,32,small,FALSE,0.000877863,PRUNED
539,539,54,32:58.7,50:59.0,0 days 00:18:00.303676,relu,128,0.2,5.20E-06,0.99,0.99,1.28E-05,5,20,16,medium,TRUE,0.088010955,PRUNED
579,579,54,34:54.0,06:12.8,0 days 00:31:18.807283,relu,8,0.2,1.04E-06,0.99,0.995,1.74E-05,0.9,20,2048,medium,TRUE,0.002594607,PRUNED
2,2,53,11:40.0,25:21.0,0 days 00:13:41.051057,tanh,256,0.2,3.86E-08,0.9,0.98,0.000465339,0.9,20,32,medium,FALSE,0.007861847,COMPLETE
452,452,53,36:06.2,10:48.8,0 days 00:34:42.589568,relu,256,0.3,1.81E-06,0.99,0.99,1.46E-05,0.7,20,8,medium,TRUE,1.38E-07,PRUNED
487,487,53,01:26.8,06:59.9,0 days 00:05:33.068840,relu,32,0.4,3.02E-06,0.99,0.99,1.00E-05,0.8,20,2048,small,TRUE,2.94E-06,PRUNED
242,242,52,50:31.2,52:04.9,0 days 00:01:33.641318,relu,256,0.3,1.56E-08,0.99,0.99,2.43E-05,0.9,20,2048,medium,TRUE,7.54E-06,PRUNED
388,388,52,31:02.3,58:24.0,0 days 00:27:21.735377,tanh,32,0.1,2.25E-07,0.99,0.99,1.87E-05,0.7,20,8,medium,TRUE,4.16E-05,PRUNED
56,56,51,01:52.5,05:40.4,0 days 00:03:47.909200,relu,256,0.2,1.49E-07,0.8,0.9,5.45E-05,0.3,10,64,large,TRUE,6.25E-05,PRUNED
291,291,51,32:36.3,40:32.3,0 days 00:07:55.961592,relu,32,0.1,1.53E-08,0.99,0.995,9.24E-05,0.9,20,2048,medium,TRUE,7.34E-06,PRUNED
555,555,51,29:43.9,38:34.3,0 days 00:08:50.426048,relu,32,0.3,3.55E-05,0.99,0.995,0.000133606,0.9,20,2048,medium,TRUE,0.007951776,PRUNED
258,258,44,49:35.8,56:49.2,0 days 00:07:13.308207,relu,32,0.3,9.40E-07,0.99,0.98,2.78E-05,0.8,20,2048,medium,FALSE,2.37E-06,PRUNED
453,453,42,10:48.8,12:11.0,0 days 00:01:22.209396,tanh,512,0.1,6.62E-07,0.98,0.995,5.43E-05,0.6,20,1024,medium,FALSE,2.90E-06,PRUNED
609,609,41,56:22.4,30:23.7,0 days 00:34:01.349743,relu,8,0.4,3.87E-07,0.99,0.99,3.20E-05,0.5,20,2048,medium,FALSE,2.44E-05,PRUNED
16,16,39,43:17.6,44:55.6,0 days 00:01:37.934696,tanh,32,0.4,9.10E-06,0.9,0.95,0.001285767,0.3,5,256,small,TRUE,6.91E-06,PRUNED
24,24,39,08:39.8,13:07.0,0 days 00:04:27.203769,tanh,32,0.1,3.08E-05,0.9,0.95,2.87E-05,0.7,5,16,large,FALSE,6.87E-07,PRUNED
89,89,39,41:19.5,52:47.5,0 days 00:11:27.962518,relu,64,0.2,7.36E-08,0.92,0.95,2.09E-05,0.3,20,16,small,TRUE,8.29E-05,PRUNED
190,190,39,16:24.0,43:04.7,0 days 00:26:40.655295,tanh,16,0.1,1.69E-06,0.99,0.98,2.93E-05,0.8,20,8,medium,TRUE,2.65E-07,PRUNED
225,225,39,43:17.4,49:47.2,0 days 00:06:29.802872,tanh,32,0.1,2.33E-06,0.9,0.995,2.82E-05,0.5,20,2048,medium,TRUE,4.59E-07,PRUNED
312,312,39,56:31.7,59:49.0,0 days 00:03:17.327663,tanh,128,0.4,4.44E-07,0.8,0.999,2.28E-05,0.7,20,2048,medium,TRUE,1.04E-07,PRUNED
434,434,39,38:55.2,42:10.2,0 days 00:03:14.942471,relu,256,0.1,1.02E-06,0.99,0.98,1.22E-05,0.9,20,128,medium,FALSE,0.001575847,PRUNED
484,484,39,14:36.0,41:14.1,0 days 00:26:38.087759,tanh,128,0.2,6.03E-08,0.92,0.995,4.17E-05,0.5,20,8,medium,TRUE,4.24E-06,PRUNED
515,515,39,21:16.9,27:38.0,0 days 00:06:21.149454,tanh,32,0.3,1.15E-07,0.8,0.99,3.19E-05,0.5,20,2048,medium,TRUE,2.33E-05,PRUNED
617,617,39,29:50.1,33:28.3,0 days 00:03:38.212231,relu,32,0.3,0.031312627,0.99,0.95,3.79E-05,1,10,2048,medium,TRUE,2.13E-06,PRUNED
622,622,39,41:05.3,45:29.9,0 days 00:04:24.616588,relu,64,0.3,0.0136487,0.92,0.995,1.24E-05,0.9,20,2048,medium,TRUE,0.001264277,PRUNED
623,623,39,45:29.9,52:28.9,0 days 00:06:58.935582,relu,32,0.1,5.75E-07,0.8,0.99,1.83E-05,0.5,20,2048,medium,TRUE,2.95E-06,PRUNED
114,114,38,59:10.6,00:47.2,0 days 00:01:36.649690,relu,256,0.3,3.05E-07,0.99,0.99,1.17E-05,0.9,20,2048,medium,TRUE,4.47E-06,PRUNED
296,296,38,14:00.5,25:45.5,0 days 00:11:45.016604,relu,32,0.3,6.12E-07,0.8,0.99,0.000323853,0.6,20,512,medium,TRUE,2.41E-06,PRUNED
460,460,38,22:15.9,32:03.1,0 days 00:09:47.250005,relu,32,0.1,3.27E-07,0.99,0.995,1.20E-05,0.5,20,2048,large,TRUE,0.000384764,PRUNED
4,4,37,33:36.2,53:29.7,0 days 00:19:53.532387,tanh,512,0.2,0.000635991,0.8,0.95,0.000241846,0.3,10,8,small,TRUE,0.050272093,COMPLETE
5,5,37,53:29.7,01:48.2,0 days 00:08:18.493408,tanh,16,0.4,0.099457205,0.95,0.995,1.04E-05,0.8,5,64,large,TRUE,0.841788614,COMPLETE
7,7,37,08:28.7,19:07.2,0 days 00:10:38.437535,tanh,8,0.3,8.01E-05,0.99,0.9,2.56E-05,0.5,5,256,small,FALSE,0.718189301,COMPLETE
20,20,37,53:01.0,54:48.7,0 days 00:01:47.663050,tanh,256,0.1,8.40E-06,0.95,0.95,3.22E-05,5,20,2048,small,TRUE,2.92E-05,PRUNED
50,50,37,54:26.6,50:08.0,0 days 00:55:41.386999,relu,64,0.3,1.01E-08,0.98,0.9,1.87E-05,0.3,20,8,large,TRUE,0.000407553,PRUNED
52,52,37,44:00.5,46:09.4,0 days 00:02:08.813724,relu,256,0.2,3.40E-08,0.8,0.99,4.46E-05,0.3,20,512,large,TRUE,3.63E-05,PRUNED
63,63,37,53:53.7,43:45.4,0 days 00:49:51.720005,relu,128,0.4,2.34E-08,0.92,0.99,1.52E-05,5,20,8,large,TRUE,0.000118936,PRUNED
70,70,37,17:21.8,18:21.4,0 days 00:00:59.637649,relu,32,0.2,4.99E-07,0.92,0.9,1.34E-05,0.7,1,64,large,FALSE,5.74E-06,PRUNED
129,129,37,42:13.6,43:50.8,0 days 00:01:37.204761,relu,256,0.3,4.53E-07,0.99,0.9,1.68E-05,0.9,20,2048,medium,TRUE,6.94E-07,PRUNED
176,176,37,22:27.3,23:13.8,0 days 00:00:46.561408,tanh,32,0.1,7.17E-07,0.99,0.9,5.63E-05,0.8,1,1024,medium,TRUE,5.14E-07,PRUNED
210,210,37,08:06.7,26:47.5,0 days 00:18:40.845232,relu,16,0.1,7.11E-06,0.95,0.995,4.25E-05,2,20,2048,medium,TRUE,5.80E-07,PRUNED
260,260,37,04:44.2,41:12.6,0 days 00:36:28.370959,relu,128,0.3,7.85E-05,0.99,0.995,1.50E-05,0.5,20,8,medium,TRUE,8.53E-07,PRUNED
294,294,37,37:32.0,12:23.6,0 days 00:34:51.665481,relu,128,0.3,2.81E-07,0.99,0.999,1.82E-05,0.3,20,8,medium,TRUE,1.37E-05,PRUNED
302,302,37,49:29.9,50:36.1,0 days 00:01:06.228265,relu,512,0.3,3.43E-07,0.99,0.9,1.00E-05,5,5,128,medium,TRUE,3.80E-07,PRUNED
308,308,37,20:02.2,39:17.4,0 days 00:19:15.170790,relu,16,0.2,5.54E-07,0.95,0.995,5.03E-05,0.3,20,1024,medium,TRUE,0.000202387,PRUNED
309,309,37,39:17.4,47:41.4,0 days 00:08:23.986922,relu,32,0.3,2.61E-06,0.99,0.995,0.000189971,0.5,20,2048,medium,TRUE,4.90E-06,PRUNED
344,344,37,46:41.7,53:00.1,0 days 00:06:18.406796,tanh,32,0.3,0.000136839,0.8,0.999,0.000702791,0.5,20,2048,medium,TRUE,2.76E-06,PRUNED
346,346,37,54:39.7,05:48.6,0 days 00:11:08.954773,relu,32,0.3,1.65E-06,0.9,0.95,0.000256198,0.7,20,2048,large,TRUE,1.19E-06,PRUNED
359,359,37,24:40.9,41:32.8,0 days 00:16:51.975936,tanh,32,0.1,8.21E-06,0.99,0.9,1.79E-05,0.3,20,16,large,TRUE,0.001156779,PRUNED
393,393,37,40:24.2,00:09.4,0 days 00:19:45.157195,relu,32,0.1,5.69E-07,0.99,0.9,2.31E-05,0.7,20,16,medium,TRUE,2.17E-06,PRUNED
470,470,37,54:22.5,00:21.0,0 days 00:05:58.541472,relu,256,0.3,4.26E-08,0.99,0.99,0.001051369,0.9,20,64,medium,TRUE,5.19E-06,PRUNED
479,479,37,17:24.5,24:38.8,0 days 00:07:14.293369,tanh,32,0.3,1.40E-06,0.99,0.9,1.02E-05,0.8,20,32,medium,TRUE,3.14E-05,PRUNED
483,483,37,39:21.3,14:36.0,0 days 00:35:14.744548,relu,8,0.3,3.82E-07,0.8,0.999,5.68E-05,0.6,20,2048,medium,TRUE,1.18E-06,PRUNED
494,494,37,50:22.5,56:40.8,0 days 00:06:18.290102,tanh,32,0.1,1.38E-07,0.9,0.99,1.81E-05,0.8,20,2048,medium,TRUE,1.13E-07,PRUNED
525,525,37,20:25.7,28:24.4,0 days 00:07:58.690065,relu,256,0.3,1.43E-07,0.99,0.9,0.000897206,0.5,20,64,large,TRUE,1.30E-05,PRUNED
552,552,37,11:47.7,14:56.4,0 days 00:03:08.663389,relu,128,0.3,1.65E-05,0.95,0.9,3.76E-05,0.5,20,2048,medium,TRUE,5.67E-05,PRUNED
621,621,37,34:14.1,41:05.3,0 days 00:06:51.245804,tanh,32,0.3,2.08E-06,0.99,0.9999,1.47E-05,0.7,5,8,medium,TRUE,1.24E-05,PRUNED
54,54,36,52:51.5,54:49.2,0 days 00:01:57.729017,relu,128,0.2,7.46E-08,0.8,0.999,0.000105141,0.5,10,2048,large,TRUE,0.000195562,PRUNED
119,119,36,11:52.3,13:37.2,0 days 00:01:44.853159,tanh,256,0.3,1.39E-07,0.99,0.99,1.34E-05,0.9,20,2048,medium,TRUE,1.60E-06,PRUNED
142,142,36,15:55.1,17:25.6,0 days 00:01:30.484286,relu,256,0.3,6.26E-07,0.99,0.995,1.30E-05,0.7,20,2048,medium,TRUE,1.02E-06,PRUNED
214,214,36,31:56.0,59:53.4,0 days 00:27:57.441625,relu,8,0.3,1.14E-05,0.99,0.995,1.58E-05,0.7,20,2048,medium,TRUE,2.26E-06,PRUNED
230,230,36,33:07.2,01:48.2,0 days 00:28:41.001747,relu,8,0.3,1.82E-07,0.99,0.995,1.64E-05,0.8,20,2048,medium,FALSE,6.15E-07,PRUNED
257,257,36,43:01.1,49:35.8,0 days 00:06:34.767362,tanh,32,0.3,1.52E-07,0.99,0.995,0.000368269,2,20,1024,medium,TRUE,2.26E-07,PRUNED
322,322,36,29:30.3,14:41.3,0 days 00:45:10.949604,relu,8,0.1,3.47E-07,0.99,0.995,2.09E-05,0.5,20,512,large,TRUE,1.78E-06,PRUNED
329,329,36,40:26.7,41:47.8,0 days 00:01:21.066263,relu,256,0.1,3.84E-08,1,0.995,1.61E-05,0.5,20,1024,small,TRUE,2.14E-06,PRUNED
437,437,36,04:43.0,07:26.7,0 days 00:02:43.683920,relu,128,0.1,7.70E-05,0.8,0.995,3.39E-05,0.3,20,2048,medium,TRUE,3.37E-06,PRUNED
526,526,36,28:24.4,34:57.5,0 days 00:06:33.154896,tanh,32,0.2,5.99E-07,0.99,0.99,0.000331954,0.8,20,2048,medium,TRUE,0.006245627,PRUNED
208,208,35,59:58.6,00:36.5,0 days 00:00:37.951728,relu,512,0.3,4.61E-07,0.99,0.995,1.30E-05,0.7,1,1024,small,TRUE,1.59E-07,PRUNED
366,366,35,44:50.6,46:32.1,0 days 00:01:41.448620,relu,256,0.1,3.06E-07,0.92,0.999,1.87E-05,5,20,2048,medium,TRUE,0.300348302,PRUNED
350,350,34,38:22.6,40:39.3,0 days 00:02:16.739242,relu,32,0.3,2.54E-07,0.99,0.995,1.01E-05,0.7,5,2048,medium,TRUE,1.30E-07,PRUNED
398,398,18,35:51.8,39:26.8,0 days 00:03:34.955387,relu,128,0.1,8.27E-07,0.99,0.995,6.52E-05,0.9,20,2048,large,TRUE,2.78E-06,PRUNED
474,474,18,16:00.5,00:13.9,0 days 00:44:13.432638,relu,8,0.3,2.14E-07,0.99,0.999,0.000235181,0.9,20,2048,medium,TRUE,3.38E-07,PRUNED
424,424,17,13:19.7,14:45.8,0 days 00:01:26.055759,relu,256,0.3,1.03E-08,0.99,0.9999,3.00E-05,0.9,10,2048,medium,TRUE,5.25E-05,PRUNED
441,441,17,47:42.0,48:28.0,0 days 00:00:46.064746,relu,128,0.3,2.49E-07,0.99,0.995,0.000102392,0.6,1,1024,small,TRUE,4.51E-06,PRUNED
281,281,4,21:36.7,24:09.6,0 days 00:02:32.863393,relu,128,0.3,4.72E-07,0.8,0.995,1.00E-05,0.8,20,2048,medium,TRUE,2.91E-05,PRUNED
387,387,4,24:30.6,31:02.3,0 days 00:06:31.693437,tanh,32,0.1,8.80E-08,0.8,0.95,1.01E-05,0.8,20,2048,medium,TRUE,7.80E-06,PRUNED
448,448,4,00:39.6,02:28.8,0 days 00:01:49.133969,relu,256,0.1,0.000930405,1,0.9,4.39E-05,0.7,20,2048,large,TRUE,6.90E-06,PRUNED
499,499,4,42:27.9,44:24.4,0 days 00:01:56.576807,tanh,32,0.1,8.73E-08,0.8,0.99,1.71E-05,0.8,5,2048,medium,TRUE,1.09E-07,PRUNED
6,6,1,01:48.2,08:28.7,0 days 00:06:40.561324,tanh,16,0.1,2.02E-06,0.98,0.999,0.202771213,1,5,512,large,FALSE,0.001987546,PRUNED
8,8,1,19:07.2,25:46.4,0 days 00:06:39.246349,relu,64,0.4,1.78E-06,0.95,0.99,0.010941495,0.7,20,1024,large,TRUE,0.000154373,PRUNED
33,33,1,35:35.7,39:40.9,0 days 00:04:05.187825,relu,128,0.2,2.95E-05,0.8,0.9999,0.001332272,0.9,10,64,large,TRUE,8.86E-06,PRUNED
34,34,1,39:40.9,40:29.2,0 days 00:00:48.367315,relu,512,0.2,2.05E-05,0.9,0.9999,0.000617675,0.9,10,1024,large,TRUE,1.37E-06,PRUNED
90,90,1,52:47.5,53:23.2,0 days 00:00:35.711981,relu,128,0.3,3.17E-08,0.8,0.9999,0.000143589,5,1,256,medium,TRUE,0.000157639,PRUNED
117,117,1,06:08.1,07:48.5,0 days 00:01:40.433122,relu,256,0.3,3.08E-07,0.99,0.99,2.13E-05,0.9,20,2048,medium,FALSE,1.02E-06,PRUNED
139,139,1,08:53.6,10:20.6,0 days 00:01:27.026640,relu,256,0.3,5.39E-07,0.99,0.995,1.54E-05,0.7,20,2048,medium,FALSE,2.08E-06,PRUNED
169,169,1,35:19.0,42:14.8,0 days 00:06:55.849957,relu,32,0.3,5.43E-07,0.98,0.995,1.66E-05,0.8,20,2048,medium,FALSE,7.33E-07,PRUNED
209,209,1,00:36.5,08:06.7,0 days 00:07:30.118433,relu,32,0.3,2.30E-07,0.98,0.99,1.72E-05,0.9,20,2048,medium,TRUE,1.13E-06,PRUNED
240,240,1,48:10.2,49:02.3,0 days 00:00:52.058363,relu,512,0.1,4.46E-07,0.99,0.99,6.92E-05,0.8,20,2048,small,TRUE,1.81E-07,PRUNED
279,279,1,17:31.8,19:56.4,0 days 00:02:24.639799,relu,32,0.1,1.17E-05,0.95,0.995,3.18E-05,0.9,5,2048,medium,TRUE,5.22E-07,PRUNED
297,297,1,25:45.5,27:26.8,0 days 00:01:41.229735,relu,256,0.3,4.45E-06,0.99,0.995,2.35E-05,0.8,20,2048,medium,TRUE,2.96E-07,PRUNED
317,317,1,36:02.3,08:53.6,0 days 00:32:51.309950,relu,8,0.1,8.91E-08,0.9,0.995,2.69E-05,0.5,20,512,medium,FALSE,0.009330995,PRUNED
328,328,1,33:45.5,40:26.7,0 days 00:06:41.163292,tanh,32,0.3,4.39E-05,0.99,0.995,0.004482971,0.3,20,2048,medium,TRUE,1.45E-07,PRUNED
331,331,1,46:32.4,13:09.4,0 days 00:26:36.999016,relu,8,0.3,3.04E-05,0.99,0.9,1.32E-05,1,20,2048,medium,TRUE,9.62E-07,PRUNED
339,339,1,53:53.7,25:23.5,0 days 00:31:29.795634,relu,8,0.1,0.09294511,0.95,0.995,1.58E-05,0.8,20,2048,medium,TRUE,7.59E-07,PRUNED
348,348,1,23:49.2,34:26.8,0 days 00:10:37.638537,relu,32,0.3,9.76E-06,0.99,0.995,0.00107273,0.8,20,1024,medium,TRUE,5.97E-07,PRUNED
352,352,1,44:30.1,58:01.9,0 days 00:13:31.809554,relu,32,0.3,3.18E-06,0.99,0.995,0.912137615,0.9,20,32,medium,TRUE,1.53E-06,PRUNED
354,354,1,27:44.1,29:23.4,0 days 00:01:39.262152,tanh,256,0.1,4.84E-08,0.99,0.995,0.084899748,0.8,20,2048,medium,TRUE,2.71E-06,PRUNED
372,372,1,16:15.3,25:38.1,0 days 00:09:22.797211,relu,32,0.3,1.84E-07,0.99,0.99,0.000480915,0.9,20,1024,medium,TRUE,1.99E-06,PRUNED
374,374,1,28:13.1,29:53.6,0 days 00:01:40.508247,tanh,32,0.1,2.87E-07,0.8,0.995,1.40E-05,0.8,5,2048,small,TRUE,1.01E-07,PRUNED
395,395,1,01:22.9,26:45.0,0 days 00:25:22.034153,relu,8,0.3,1.43E-06,0.92,0.995,0.00077119,0.8,20,256,small,TRUE,1.60E-07,PRUNED
415,415,1,09:28.4,12:46.7,0 days 00:03:18.287409,relu,128,0.3,1.31E-07,0.99,0.99,0.000171659,0.7,20,2048,medium,FALSE,2.55E-06,PRUNED
433,433,1,43:16.2,38:55.2,0 days 00:55:39.032191,relu,8,0.3,1.13E-07,0.99,0.999,0.003412914,0.6,20,2048,medium,TRUE,0.001330052,PRUNED
446,446,1,50:48.4,55:32.7,0 days 00:04:44.330946,relu,32,0.1,3.76E-07,0.99,0.99,0.008299495,0.6,10,1024,medium,TRUE,0.565555394,PRUNED
463,463,1,42:55.1,44:59.8,0 days 00:02:04.723954,relu,256,0.1,0.01984947,0.99,0.98,0.002611807,0.7,20,1024,medium,TRUE,0.001018477,PRUNED
468,468,1,42:04.9,50:39.2,0 days 00:08:34.337937,relu,32,0.1,5.71E-05,0.8,0.995,0.000209037,0.7,20,1024,medium,TRUE,9.54E-07,PRUNED
472,472,1,03:58.5,14:56.8,0 days 00:10:58.364738,relu,32,0.1,1.37E-08,0.99,0.995,0.000164245,0.7,20,2048,medium,FALSE,1.25E-07,PRUNED
490,490,1,28:53.9,29:30.6,0 days 00:00:36.724135,relu,128,0.3,1.07E-06,0.99,0.995,0.002387661,0.5,1,2048,medium,TRUE,0.025364862,PRUNED
509,509,1,45:46.4,51:10.6,0 days 00:05:24.229598,tanh,32,0.3,5.60E-08,0.99,0.99,0.012963341,0.9,20,2048,small,TRUE,0.000233098,PRUNED
524,524,1,06:11.0,20:25.7,0 days 00:14:14.653548,relu,16,0.3,3.57E-05,0.9,0.99,1.29E-05,0.7,20,2048,medium,TRUE,0.001248218,PRUNED
530,530,1,47:48.8,55:07.0,0 days 00:07:18.129559,relu,32,0.1,4.14E-07,0.8,0.99,1.96E-05,0.7,20,2048,medium,TRUE,0.000550329,PRUNED
532,532,1,01:13.1,08:45.2,0 days 00:07:32.187116,relu,32,0.1,3.11E-07,0.99,0.99,2.48E-05,0.8,20,2048,medium,TRUE,2.64E-07,PRUNED
535,535,1,13:26.4,13:48.0,0 days 01:00:21.586811,relu,32,0.4,1.15E-07,0.99,0.99,0.891146888,0.8,20,8,medium,TRUE,2.04E-07,PRUNED
547,547,1,28:20.6,29:55.4,0 days 00:01:34.843016,relu,256,0.3,9.10E-08,0.92,0.995,1.04E-05,0.3,20,2048,medium,TRUE,0.000313022,PRUNED
549,549,1,41:48.5,44:37.5,0 days 00:02:48.976224,relu,32,0.3,0.091247115,0.92,0.995,2.28E-05,0.3,5,2048,large,TRUE,0.009621825,PRUNED
551,551,1,10:01.1,11:47.7,0 days 00:01:46.559859,relu,256,0.3,1.19E-07,0.92,0.995,0.000452389,0.3,20,2048,medium,TRUE,0.125897907,PRUNED
553,553,1,14:56.4,26:15.0,0 days 00:11:18.602568,relu,32,0.3,6.90E-08,0.8,0.995,0.056802969,0.9,20,2048,medium,TRUE,0.053630973,PRUNED
578,578,1,27:06.7,34:54.0,0 days 00:07:47.299405,relu,32,0.3,3.64E-07,0.8,0.99,2.38E-05,0.5,20,2048,medium,TRUE,0.003099866,PRUNED
587,587,1,56:46.4,18:35.4,0 days 01:21:48.971309,relu,8,0.1,4.06E-07,0.99,0.95,0.004646376,2,20,2048,large,TRUE,1.33E-06,PRUNED
589,589,1,19:30.3,28:02.1,0 days 00:08:31.796550,relu,32,0.3,2.37E-07,0.99,0.9999,0.000682344,0.7,20,2048,medium,FALSE,0.000210127,PRUNED
591,591,1,45:39.6,47:25.4,0 days 00:01:45.765163,relu,256,0.1,7.05E-07,0.92,0.99,1.95E-05,0.5,20,2048,medium,TRUE,4.66E-06,PRUNED
602,602,1,07:13.1,19:51.8,0 days 00:12:38.621176,relu,32,0.3,8.25E-08,0.99,0.99,0.011743265,0.5,20,128,medium,TRUE,0.072182693,PRUNED
603,603,1,19:51.8,21:33.0,0 days 00:01:41.259808,tanh,256,0.3,2.13E-08,0.99,0.999,0.091265629,0.7,20,2048,medium,TRUE,9.44E-07,PRUNED
604,604,1,21:33.0,28:51.6,0 days 00:07:18.554852,relu,32,0.1,5.37E-07,0.95,0.995,2.11E-05,0.8,20,2048,medium,TRUE,1.84E-06,PRUNED
620,620,1,32:30.0,34:14.1,0 days 00:01:44.055669,relu,256,0.1,1.47E-08,0.99,0.99,0.343366298,0.8,20,1024,medium,TRUE,0.219076715,PRUNED
625,625,1,54:41.3,31:22.1,0 days 00:36:40.778740,tanh,32,0.3,6.14E-06,0.99,0.99,0.033658329,0.3,20,16,medium,TRUE,1.09E-06,PRUNED
626,626,1,31:22.1,34:38.1,0 days 00:03:16.019716,relu,128,0.3,3.60E-08,0.99,0.995,0.006630166,0.9,20,2048,medium,FALSE,0.027882087,PRUNED
634,634,1,49:22.2,01:03.2,0 days 00:11:41.063775,relu,32,0.3,2.44E-07,0.99,0.995,0.002699788,0.5,20,2048,medium,TRUE,0.000142538,PRUNED
637,637,1,15:24.5,26:32.2,0 days 00:11:07.712075,relu,32,0.3,0.000110686,0.92,0.99,0.04207904,0.3,20,1024,medium,TRUE,9.50E-06,PRUNED
638,638,1,26:32.2,28:07.3,0 days 00:01:35.084045,relu,256,0.1,1.60E-06,0.99,0.995,0.000297532,0.9,20,2048,medium,TRUE,0.00026922,PRUNED
639,639,1,28:07.3,30:53.9,0 days 00:02:46.668295,relu,128,0.3,0.00361491,0.8,0.99,6.31E-05,0.7,20,2048,medium,TRUE,0.007290051,PRUNED
642,642,1,51:22.1,52:39.4,0 days 00:01:17.330741,relu,256,0.1,0.00015349,0.99,0.99,2.14E-05,0.9,20,2048,small,TRUE,5.42E-05,PRUNED
0,0,0,29:39.3,31:15.4,0 days 00:01:36.139947,relu,128,0.4,0.012639243,0.8,0.995,0.000666321,2,1,64,medium,FALSE,2.82E-06,COMPLETE
1,1,0,31:15.4,11:40.0,0 days 00:40:24.525766,relu,32,0.2,3.27E-05,0.8,0.9999,0.034617517,0.9,10,16,large,FALSE,6.57E-05,COMPLETE
10,10,0,28:06.6,29:49.9,0 days 00:01:43.271144,relu,64,0.3,2.06E-06,1,0.98,0.002327096,5,5,2048,medium,FALSE,0.035291834,PRUNED
19,19,0,47:25.2,53:01.0,0 days 00:05:35.831572,tanh,512,0.1,1.09E-07,1,0.999,0.004179174,0.8,5,8,small,TRUE,1.29E-06,PRUNED
27,27,0,16:47.8,17:53.4,0 days 00:01:05.620512,relu,512,0.2,6.04E-07,0.95,0.9999,0.001277925,0.6,10,1024,large,FALSE,5.45E-07,PRUNED
29,29,0,19:33.1,20:29.0,0 days 00:00:55.895637,relu,512,0.2,5.36E-06,0.99,0.9999,0.0004352,0.9,10,1024,medium,TRUE,2.10E-05,PRUNED
30,30,0,20:29.0,21:31.3,0 days 00:01:02.253055,relu,512,0.2,4.00E-07,1,0.9999,0.000703587,2,10,1024,large,TRUE,3.60E-06,PRUNED
74,74,0,38:36.2,40:51.6,0 days 00:02:15.455128,relu,128,0.2,5.37E-08,0.99,0.9999,0.000110365,5,10,256,large,TRUE,2.17E-05,PRUNED
168,168,0,24:52.4,35:19.0,0 days 00:10:26.569226,relu,32,0.1,1.73E-06,0.99,0.995,0.006021644,0.8,20,2048,medium,TRUE,2.62E-07,PRUNED
188,188,0,46:05.5,52:34.9,0 days 00:06:29.424404,tanh,32,0.1,1.28E-07,0.99,0.999,0.001637007,0.5,20,1024,medium,TRUE,1.44E-07,PRUNED
193,193,0,57:10.4,08:04.0,0 days 00:10:53.560711,relu,32,0.3,6.57E-07,0.99,0.995,0.000799555,0.8,20,256,medium,TRUE,3.72E-07,PRUNED
197,197,0,08:33.9,20:27.1,0 days 00:11:53.177133,relu,32,0.3,2.78E-07,0.99,0.995,0.019150775,0.8,20,1024,medium,TRUE,1.02E-07,PRUNED
198,198,0,20:27.1,29:32.5,0 days 00:09:05.469700,relu,32,0.4,2.15E-07,0.99,0.9,0.000195475,0.6,20,2048,medium,FALSE,1.76E-06,PRUNED
215,215,0,59:53.4,01:38.5,0 days 00:01:45.116622,relu,256,0.3,1.20E-06,0.99,0.995,0.00011781,0.8,20,2048,medium,TRUE,7.88E-07,PRUNED
217,217,0,09:47.6,12:39.0,0 days 00:02:51.440548,tanh,256,0.3,6.27E-08,0.99,0.995,0.211369686,0.7,20,2048,medium,TRUE,4.63E-07,PRUNED
219,219,0,20:15.9,21:15.0,0 days 00:00:59.056824,relu,256,0.3,1.43E-06,0.99,0.95,0.05499684,0.7,5,2048,medium,TRUE,2.05E-07,PRUNED
245,245,0,57:33.6,08:45.1,0 days 00:11:11.510404,relu,32,0.3,6.94E-07,0.99,0.995,0.003072337,0.7,20,2048,medium,TRUE,5.13E-06,PRUNED
247,247,0,13:22.8,14:24.9,0 days 00:01:02.100528,relu,256,0.3,2.25E-05,0.99,0.995,1.30E-05,0.5,1,1024,medium,TRUE,2.60E-06,PRUNED
250,250,0,24:11.5,42:09.3,0 days 00:17:57.817190,relu,16,0.3,2.54E-07,0.99,0.995,0.000189915,0.5,20,2048,medium,TRUE,3.28E-06,PRUNED
255,255,0,33:27.1,42:17.6,0 days 00:08:50.476942,relu,32,0.3,3.53E-07,0.99,0.995,0.000907426,0.7,20,2048,medium,TRUE,1.34E-07,PRUNED
265,265,0,13:02.8,19:57.8,0 days 00:06:55.054319,relu,32,0.1,3.19E-06,0.99,0.995,0.447157968,0.8,20,512,small,TRUE,3.31E-06,PRUNED
278,278,0,50:07.2,17:31.8,0 days 00:27:24.612046,relu,16,0.3,7.39E-08,0.99,0.99,0.000434375,0.8,20,256,medium,FALSE,8.98E-06,PRUNED
293,293,0,48:20.6,37:32.0,0 days 00:49:11.320405,relu,8,0.3,3.23E-08,0.99,0.995,0.005853664,0.8,20,2048,medium,TRUE,1.48E-07,PRUNED
295,295,0,12:23.6,14:00.5,0 days 00:01:36.882002,relu,32,0.1,2.17E-07,0.99,0.995,0.001775601,0.9,1,16,medium,TRUE,4.44E-05,PRUNED
304,304,0,48:27.3,54:58.6,0 days 00:06:31.360892,relu,256,0.1,1.26E-07,0.98,0.99,0.002400969,0.5,20,64,medium,TRUE,2.78E-06,PRUNED
334,334,0,23:07.2,35:52.8,0 days 00:12:45.621611,relu,32,0.2,1.65E-07,0.98,0.999,0.000980245,0.5,20,2048,large,TRUE,4.36E-07,PRUNED
337,337,0,45:01.8,46:56.1,0 days 00:01:54.240968,relu,256,0.4,6.13E-07,0.99,0.99,0.030537923,5,20,2048,medium,FALSE,8.43E-05,PRUNED
340,340,0,25:23.5,27:25.1,0 days 00:02:01.553215,relu,256,0.3,6.83E-06,0.99,0.99,0.010585913,0.7,20,2048,medium,TRUE,0.000118772,PRUNED
351,351,0,40:39.3,44:30.1,0 days 00:03:50.785858,relu,256,0.1,5.16E-07,0.99,0.9999,0.001535892,2,20,64,small,TRUE,0.00038705,PRUNED
370,370,0,30:37.1,31:38.1,0 days 00:01:00.985334,relu,32,0.3,1.75E-06,0.99,0.995,1.61E-05,1,1,2048,medium,TRUE,0.000100741,PRUNED
371,371,0,31:38.1,16:15.3,0 days 01:44:37.272944,relu,8,0.1,2.84E-06,0.99,0.995,0.001420944,0.6,20,512,large,TRUE,4.77E-07,PRUNED
375,375,0,29:53.6,31:49.9,0 days 00:01:56.378760,relu,256,0.2,1.32E-06,0.99,0.999,0.003313471,0.9,20,2048,medium,FALSE,1.16E-05,PRUNED
378,378,0,02:52.0,04:40.5,0 days 00:01:48.516017,relu,256,0.1,2.37E-08,0.99,0.995,1.78E-05,0.3,20,2048,medium,TRUE,1.46E-06,PRUNED
389,389,0,58:24.0,24:11.9,0 days 00:25:47.933052,tanh,8,0.1,3.80E-08,1,0.9999,7.57E-05,0.9,20,2048,medium,TRUE,3.67E-06,PRUNED
390,390,0,24:11.9,25:17.2,0 days 00:01:05.262903,tanh,32,0.1,1.14E-06,0.99,0.99,0.010554801,0.6,1,512,medium,TRUE,2.65E-07,PRUNED
392,392,0,30:10.1,40:24.2,0 days 00:10:14.081653,relu,32,0.2,4.81E-05,0.98,0.99,0.001780603,0.8,20,2048,medium,TRUE,1.09E-06,PRUNED
394,394,0,00:09.4,01:22.9,0 days 00:01:13.563202,tanh,512,0.1,0.000267973,0.99,0.99,1.63E-05,0.9,20,2048,medium,FALSE,1.63E-06,PRUNED
411,411,0,55:28.0,59:56.7,0 days 00:04:28.769551,relu,128,0.3,9.17E-08,0.99,0.99,0.01490631,0.7,20,2048,large,TRUE,4.43E-06,PRUNED
414,414,0,05:38.0,09:28.4,0 days 00:03:50.382635,tanh,128,0.3,6.48E-08,0.99,0.99,0.008263399,5,20,2048,medium,TRUE,7.06E-06,PRUNED
422,422,0,37:13.8,43:38.9,0 days 00:06:25.099340,relu,256,0.3,1.01E-07,0.99,0.999,0.005184437,0.9,20,64,medium,TRUE,3.62E-06,PRUNED
438,438,0,07:26.7,14:41.0,0 days 00:07:14.255409,relu,256,0.3,3.96E-06,0.99,0.99,0.03088251,0.5,20,64,medium,TRUE,1.29E-06,PRUNED
440,440,0,45:38.1,47:42.0,0 days 00:02:03.863548,tanh,256,0.1,2.57E-06,0.99,0.95,0.119331123,0.7,20,2048,medium,TRUE,2.10E-06,PRUNED
443,443,0,50:05.6,45:28.5,0 days 00:55:22.929154,relu,8,0.3,2.68E-05,0.99,0.995,0.024526571,0.7,20,2048,medium,TRUE,9.62E-05,PRUNED
444,444,0,45:28.5,48:54.0,0 days 00:03:25.547512,relu,128,0.2,0.003646191,0.99,0.99,0.018010726,0.5,20,2048,medium,TRUE,1.66E-05,PRUNED
451,451,0,32:41.7,36:06.2,0 days 00:03:24.446982,relu,128,0.1,1.69E-07,0.8,0.995,0.004294662,0.3,20,2048,medium,TRUE,2.45E-05,PRUNED
466,466,0,10:02.9,10:54.4,0 days 00:00:51.445483,tanh,256,0.1,1.37E-05,0.99,0.95,0.048211474,0.5,1,512,medium,TRUE,2.18E-07,PRUNED
467,467,0,10:54.4,42:04.9,0 days 00:31:10.521860,relu,8,0.3,1.91E-05,0.9,0.99,1.83E-05,5,20,2048,medium,TRUE,1.53E-06,PRUNED
469,469,0,50:39.2,54:22.4,0 days 00:03:43.222593,relu,128,0.3,4.48E-07,0.99,0.9999,0.00178088,0.6,20,2048,medium,TRUE,5.29E-07,PRUNED
478,478,0,15:24.1,17:24.5,0 days 00:02:00.322682,relu,256,0.3,4.65E-06,0.99,0.99,0.002697111,0.5,20,2048,medium,TRUE,0.002205054,PRUNED
482,482,0,27:14.1,39:21.3,0 days 00:12:07.180761,relu,32,0.1,6.50E-07,0.99,0.995,0.000793526,0.7,20,512,medium,TRUE,8.26E-05,PRUNED
491,491,0,29:30.6,28:26.0,0 days 00:58:55.391929,relu,8,0.3,1.01E-07,0.99,0.98,0.00409353,0.7,20,512,medium,TRUE,1.65E-07,PRUNED
506,506,0,33:34.9,40:22.9,0 days 00:06:47.961319,tanh,32,0.3,1.60E-07,1,0.99,0.000672094,0.8,20,2048,medium,TRUE,0.005106272,PRUNED
513,513,0,12:28.7,14:23.1,0 days 00:01:54.477518,tanh,256,0.3,1.53E-07,0.99,0.99,0.002235157,0.8,20,2048,medium,TRUE,1.68E-07,PRUNED
516,516,0,27:38.0,28:31.2,0 days 00:00:53.164028,tanh,128,0.4,4.49E-07,0.99,0.99,1.81E-05,0.7,1,2048,medium,TRUE,5.25E-07,PRUNED
519,519,0,34:17.4,42:12.4,0 days 00:07:55.010526,tanh,32,0.3,5.50E-08,0.99,0.99,0.007284403,0.5,20,2048,medium,TRUE,6.87E-05,PRUNED
520,520,0,42:12.4,53:36.7,0 days 00:11:24.364695,relu,32,0.3,3.45E-07,0.99,0.9999,0.023278013,0.7,20,2048,medium,TRUE,0.003327581,PRUNED
521,521,0,53:36.7,54:57.4,0 days 00:01:20.654751,relu,256,0.3,9.07E-08,0.99,0.99,0.199529922,0.9,10,2048,medium,TRUE,0.000105647,PRUNED
536,536,0,13:48.0,15:55.6,0 days 00:02:07.660056,tanh,256,0.1,5.20E-07,1,0.99,0.001361808,0.9,20,2048,medium,TRUE,8.85E-06,PRUNED
540,540,0,50:59.0,52:01.2,0 days 00:01:02.229043,tanh,32,0.1,6.84E-07,0.99,0.995,4.57E-05,0.8,1,2048,medium,TRUE,8.76E-07,PRUNED
548,548,0,29:55.4,41:48.5,0 days 00:11:53.110747,relu,32,0.3,9.63E-05,0.92,0.995,0.011529258,0.3,20,2048,medium,TRUE,0.029715999,PRUNED
550,550,0,44:37.5,10:01.1,0 days 00:25:23.613034,relu,16,0.3,5.33E-08,0.92,0.995,0.036789761,0.3,20,2048,medium,FALSE,0.000683275,PRUNED
559,559,0,57:14.2,00:45.1,0 days 00:03:30.928851,relu,128,0.3,1.01E-08,0.99,0.995,0.005304976,0.9,20,2048,medium,TRUE,0.003801554,PRUNED
563,563,0,52:51.5,55:07.3,0 days 00:02:15.753716,relu,256,0.3,1.60E-08,0.9,0.995,0.001669671,1,20,2048,medium,TRUE,0.005045545,PRUNED
567,567,0,18:06.6,29:42.0,0 days 00:11:35.380759,relu,32,0.3,2.18E-08,0.99,0.99,0.002137034,0.7,20,2048,medium,TRUE,0.000437744,PRUNED
572,572,0,43:34.9,46:19.2,0 days 00:02:44.286116,relu,32,0.3,8.52E-07,0.99,0.99,0.016121888,0.5,5,2048,medium,TRUE,0.003415011,PRUNED
576,576,0,20:04.0,23:40.8,0 days 00:03:36.882034,relu,128,0.1,6.23E-08,0.92,0.99,0.003501274,0.9,20,2048,medium,TRUE,1.10E-06,PRUNED
584,584,0,33:38.3,35:40.5,0 days 00:02:02.182440,tanh,256,0.3,1.27E-07,0.99,0.995,0.003574721,0.9,20,2048,medium,TRUE,0.044898718,PRUNED
586,586,0,43:08.0,56:46.4,0 days 00:13:38.386256,relu,256,0.4,2.76E-08,0.99,0.995,0.019158185,0.8,20,32,medium,TRUE,1.84E-06,PRUNED
588,588,0,18:35.4,19:30.3,0 days 00:00:54.939706,tanh,128,0.3,7.78E-08,0.99,0.99,0.499638547,1,1,1024,medium,TRUE,0.004136537,PRUNED
593,593,0,55:51.7,01:16.2,0 days 00:05:24.469374,relu,32,0.2,1.38E-06,0.99,0.99,0.000536555,0.9,10,2048,medium,TRUE,0.000118651,PRUNED
594,594,0,01:16.2,05:15.4,0 days 00:03:59.243472,relu,128,0.3,1.09E-07,0.99,0.995,0.008440396,0.7,20,2048,medium,TRUE,2.57E-06,PRUNED
598,598,0,51:37.8,53:44.1,0 days 00:02:06.334373,relu,256,0.1,2.96E-07,0.99,0.995,0.000158431,0.8,20,2048,medium,TRUE,0.013450758,PRUNED
601,601,0,03:54.4,07:13.1,0 days 00:03:18.753200,relu,128,0.1,1.81E-07,0.99,0.995,0.006272104,0.9,20,2048,medium,TRUE,3.65E-06,PRUNED
607,607,0,43:25.3,53:19.7,0 days 00:09:54.435198,tanh,32,0.3,2.99E-08,0.92,0.99,0.022513804,0.7,20,2048,medium,TRUE,0.00500128,PRUNED
608,608,0,53:19.7,56:22.4,0 days 00:03:02.647692,relu,128,0.3,5.44E-08,0.8,0.995,0.000916987,0.8,20,2048,medium,TRUE,4.11E-07,PRUNED
613,613,0,10:11.2,11:09.6,0 days 00:00:58.398499,relu,256,0.1,1.96E-05,0.9,0.995,0.16697884,0.8,1,64,medium,TRUE,6.44E-06,PRUNED
624,624,0,52:28.9,54:41.3,0 days 00:02:12.418981,relu,256,0.3,1.00E-07,1,0.995,0.00040766,0.8,20,2048,large,TRUE,0.661938815,PRUNED
628,628,0,40:41.9,52:34.6,0 days 00:11:52.668416,relu,32,0.3,3.01E-07,0.99,0.99,0.001290319,0.5,20,2048,medium,TRUE,0.000561199,PRUNED
631,631,0,28:07.2,30:08.6,0 days 00:02:01.446523,relu,256,0.3,7.48E-07,0.99,0.995,0.014996545,5,20,2048,medium,TRUE,0.060170703,PRUNED
632,632,0,30:08.6,45:51.9,0 days 00:15:43.271737,relu,32,0.2,6.83E-08,0.99,0.99,0.001664026,0.7,20,128,medium,TRUE,3.57E-06,PRUNED
636,636,0,14:34.6,15:24.5,0 days 00:00:49.886274,tanh,256,0.3,4.66E-07,0.99,0.995,1.64E-05,0.7,1,2048,large,TRUE,0.036163979,PRUNED
646,646,0,08:09.7,11:18.1,0 days 00:03:08.388584,relu,128,0.2,6.34E-07,0.99,0.995,1.70E-05,0.8,20,2048,medium,FALSE,0.001799129,PRUNED
649,649,0,22:28.0,33:40.3,0 days 00:11:12.315220,relu,32,0.1,9.73E-07,0.99,0.995,1.41E-05,1,20,2048,large,TRUE,2.79E-06,PRUNED
